f0,f1,f2,f3,f4,f5,f6,f7,label
0.9514882310649899,-0.2898250870318173,-0.8434962462066852,-0.3128290933268252,0.10704165586984818,-0.1754116379222852,-0.6725457686214973,-0.6547040847399942,1
2.006035562143012,-1.0121549657452156,-0.593495188352468,-0.5096452995009608,-2.5765342830331397,2.01896577668187,-1.2741438028859626,-0.1065368184384865,1
-0.22163387099568221,-0.5835481201049412,-0.8210969556803158,-0.33017881371366375,0.39177219047610606,-0.7735065587602232,-0.9186486954942211,1.4191624419382145,1
0.1665755693980424,-1.425354518757083,1.3328469615911207,0.5204277077224423,-0.7095478388888335,-0.407877088967703,0.08408411504409263,-0.0448032290678444,1
1.9975541861116892,-0.18908534500261798,0.3666614777873698,0.08759650799829787,-3.4078351865230143,2.449914058743185,-1.326993575060802,-1.2953856313828875,1
1.3490434814494932,-2.1108067117981255,1.3242028480869037,0.2805236669570029,1.2516814246009982,-0.8218549488498343,2.49403180369432,-1.68627983242215,0
3.0172265016413804,-0.6366352046428948,2.3442039367069927,2.047979766817598,-0.05149122648986685,-2.979700065440179,-1.4216045481022563,-1.129105505454419,0
2.741732693574959,-0.043189571464498755,3.198052758700207,1.8402229438022273,-2.2940191145106925,0.4550591227401515,0.1692884525536622,-0.31606938131645834,1
0.07646042534960618,1.7226078088638235,0.7816748106549194,1.058751441649725,-1.9352829247593337,-0.09720074789585476,-2.6139564741096675,0.937799060205593,0
-0.06527133460920576,1.7015338987547433,0.8811274539345417,1.2823970744109339,-2.0465609747678464,-0.6879767141133457,-3.3886490357209222,0.3881301531628275,0
1.975789515110732,-0.2467473070270646,2.12630028449746,1.1920145044629598,-1.8027805499655356,0.43877345680256585,-0.037595724316162094,-0.3938576255102525,1
0.4182964852867612,-0.9377913830526464,-1.9091889878053738,-1.7910546649003143,4.18652893657331,0.4125261612653457,4.907621784827624,2.584597939498609,0
2.4631181581685775,0.3156334356992374,1.0711329534016714,0.5060099744611029,-3.5582955328571235,2.6503163543242323,-0.8361567351918537,-0.005493781532601185,1
-0.4214210657713149,-1.106919506038643,1.9392619486820828,1.1737332832236358,-1.609700019465673,-1.155221216480434,-1.6406954826251514,-1.552887580564468,1
1.0641092752708077,0.42768530108771374,1.3615481617524945,0.7696331077188548,-2.220622066728294,1.18407932269289,-0.5775980484407746,0.7988196060305348,1
3.1953831814927884,-1.0988982653066235,1.5939430288469787,1.6437488833097218,0.13343135085593996,-3.1005511759928597,-1.8079334534914127,-0.37193165194838895,0
0.5262079440336103,1.7884880363470246,-0.18741866161870258,-0.30605825091318745,-2.415844719885794,3.438315060616065,0.1435233010174093,-0.08550350523941523,0
0.6783656470585812,-2.198731566587689,-3.4633723509633683,-1.981242409661745,1.1619896820324493,-0.4268671117468703,-1.1870222392296557,0.2382175703964814,1
0.5343632696361132,-1.3486891962491092,-2.100534805385715,-1.1687097347866477,0.7079327988363743,-0.3456073559486348,-0.8127944472120086,-1.4869461908206354,1
0.4811337003798798,-0.03550011034430123,0.5178568909981367,-0.07069888287527537,1.9439995891788915,0.061333444819392735,3.197455411183407,-0.34851996016116815,0
-0.1377437033617428,-1.5806229091579471,1.2699788638180367,0.8593853832125289,-0.9891645972428467,-1.6641202616856954,-1.8216801019535185,0.5768368413759117,1
1.677367291819208,0.26469538421331995,2.4190128645414664,1.8853711391124275,-1.0675754208667214,-1.530593995429701,-1.3026945829148406,0.28933436484337705,0
1.471805291702486,-0.16348486001850204,0.7203117384412316,0.417359158115849,-0.9120134786702307,0.4290334177598314,-0.04985117238454939,0.7079919793193478,1
0.08277023484655699,-0.3710430374673114,0.9090343229293232,0.2664509100154046,-1.8900671131518127,1.1747099992491061,-0.3032836234781908,-0.8737749252713817,1
1.9698300292619566,0.38251295916446426,1.6442135047300963,1.1365107848333227,-1.5114660790864078,0.2272168801303508,-0.4839045136837309,-1.650111376396274,0
0.7216703870545593,-0.9570046888949164,-0.09641479493624372,0.07775220715016311,-0.05248483847643049,-0.8509047902372032,-0.8804175401621248,1.2593814635540326,1
1.7320475951643521,-1.6261581735087831,1.0301840532324793,0.4626949159207335,1.2440122299126721,-1.385274425892974,1.4241366061243146,-0.3869502566001907,0
-0.820563006697755,2.7623925268370426,0.13309111459164868,0.334569498001855,2.0334012198826033,-0.23135765210871817,1.7976443686113464,1.043032736073833,0
0.3281205689283153,1.0818105015857877,0.9546701944049658,0.4669506820979095,-2.515517490637457,2.0172245702070364,-0.5316878224966733,-0.9156930445169186,0
1.4625163842979294,-1.677716244027112,0.7747794538496772,0.332583620819229,0.5270238392422574,-1.0573824430041323,0.6284596800076069,-2.0326094407101825,0
1.6531041921241318,-0.08977658340979022,-0.17882631644060465,-0.1644010961085592,-2.6642625954049604,2.083342782307832,-1.2441706315712069,-0.6077487347270757,1
4.244538150736158,-0.8698511801506466,1.686086673136324,0.44085341604943246,-1.7769778979383664,2.4569757804414056,2.2773098676588255,-0.7266916912925725,0
1.241332982936035,-0.7167398955382096,-1.0095736217197162,-0.5802340536823949,-0.004952293431524381,0.30198499111902355,-0.26228583189331833,0.6131635443158423,1
0.9312907191078947,0.9001646940578906,0.30564661785579317,-0.04524437786370418,-2.8076649496962083,2.9675674291770497,-0.2742162896807657,-0.8536826593347648,0
-0.14511574274097594,-2.067074167492363,1.5749386823126916,1.1678602987853852,-0.4584312287151417,-2.8735745737796727,-2.14608815890839,-0.3070923953020106,1
-1.4500009941275933,2.071753655641137,1.1147576375864285,1.0018406187060915,-2.093968135434445,0.47505765254395727,-1.995754912017829,-0.04636129222052249,0
0.9465455146303071,0.5102445837341474,0.8206253274208801,0.3996157986817021,-3.348409760211035,2.24818981280172,-1.3301016570713668,0.6267597962244604,1
-0.6745909843148148,0.9131070511349475,1.6640237824024107,0.5067030383625327,-2.5270370041470516,2.5075640482325854,0.6700766638944873,-0.3458078737967233,0
-0.18359071035475383,-0.16640670836175264,-0.4637010733636757,-0.4331045901680306,-3.808683624378066,2.595376070355763,-2.453769759053168,0.050057241675980406,0
0.2688033431190784,1.0709710245359334,0.903768820460629,0.4106341652851543,-2.500928503058499,2.097950665555933,-0.4557476036445557,-0.4062652206155476,0
1.3519383192616248,-0.8611778187917583,1.6254311770063823,0.7735421333320768,-1.9239386671451884,0.5502063221001754,-0.32549399864607564,-1.7199438675789762,1
0.5757231931013002,1.3211315876293392,0.3116096458244201,0.1967233826804186,-2.400738563619066,2.1670476054915566,-0.8028266931170454,-0.054875439081428175,0
-0.2012309276089712,1.000500738501646,1.5230193509294887,1.2034850779364066,-2.465960845280032,0.17177325418892841,-2.186412438219092,0.808983850207892,0
-0.2079874056508828,-1.5507994451576996,-1.5676616292682564,-1.2237808931219067,-2.6825693368992427,2.0297483364683897,-2.115951569281761,-1.5443012165029577,1
0.8555702647696688,0.8637249197310646,0.9523084832034031,0.516653587324156,-2.4325595481914344,1.7973464032998114,-0.6095162950828845,0.7562893544873565,1
2.1578502086470923,0.7104451012718664,2.1042192477989925,1.1267199479070193,-4.136905664247281,2.5859554678921777,-0.9560296154137262,0.6095153056563989,1
-2.955695953640443,0.04899979081273731,0.17831520259024702,-0.6803849492950911,-0.4448506470769595,1.9421686320767577,1.799483060082365,2.558925077593848,0
1.7875959617961776,-0.3081242857532662,-0.13153257203261282,0.08244406699943091,2.9919911373456154,-1.7551817939163596,2.0107613968298557,0.05686088972926676,1
0.8748994136081809,-1.2126443218771588,-1.4846484547255892,-0.8042774642837318,2.1870378576758966,-1.2498793152315741,0.61722031378622,1.078113154795453,1
0.5494627312953655,-1.0868456405945353,-0.2555370553517773,-0.2687732314564901,-0.8312437931195255,0.33166569298287785,-0.6282402736358965,-1.7830608885997585,1
0.9862865228417574,-0.4746445689569958,-0.24262058509488194,-0.31657758157406424,-2.6673780311110558,2.03345531413052,-1.2627607493859025,-1.179118290744093,1
-0.7180549764385835,1.9702202318630322,2.2827135273615307,2.017416800572133,-1.8330261090177742,-1.2051121643688156,-2.624418525779742,1.5817089128285167,1
1.3523777263799237,-1.5068107702812696,2.0401331767164663,1.2719014659526053,-1.5129426037047269,-1.1767816367383388,-1.2960951854203508,-1.1623339872841003,1
-0.08151101717493558,1.028696978454456,1.955235125147309,1.5587004947791705,-1.7265484718458983,-0.7151051098846033,-1.878008734193014,0.7504973688706578,0
0.9377183471850821,1.1403305017933532,-0.23008522493432126,-0.4099398249433032,-3.039503181080729,3.69799892011613,-0.2379094821497939,-1.368274395692078,0
1.032810749380864,0.2454790273345806,0.02144123893050498,0.0019525108402476982,-2.726397029345359,1.921657913931084,-1.4649746644416046,2.193570928755761,1
1.2651524058943087,1.08709377078143,0.8707229627534963,0.8198033463608874,2.146735663606928,-1.4519469066701782,1.6430551474416086,0.5096715219612264,0
1.065871853486111,-0.7827962336576102,2.064198853987574,1.0543633921122988,-2.0298686112539555,0.2850884363083974,-0.4471367804419155,0.506630676782203,1
0.12625934006889672,-2.1605553779977833,2.1653315135782485,0.8008254172184643,-1.3705060473122697,-0.33015642849863747,0.1888434876021522,-1.4074276422450978,0
2.077168179546624,-1.4217239177395646,1.8790087558637394,1.404135269283651,-0.42467922302563377,-2.1523600471049784,-1.1216254343555705,0.22654335935036132,1
2.0097524334932384,-0.6504301236189669,-0.28899155399955867,0.0933835545070234,0.557163847563382,-0.9198106670631864,-0.35384984006711295,-1.4411484208440217,1
2.637080294939282,-0.7003296198056272,1.242688007765452,0.826122841965566,-0.6229669682939635,-0.38148362082581333,-0.004839778846448817,-0.7267715084119801,1
1.8895805509730432,-0.24326395352689767,0.31604846247882934,0.3062121750302963,-1.152456071028166,0.40221614466212674,-0.7216627775185793,0.6110831513090149,1
2.5321123557082226,0.30730467133475337,1.4509594304419986,1.5545121334829473,0.624709900678744,-2.4472882415471426,-0.8957552275512628,-0.8803997335861028,0
1.9284391770660128,-1.7957075511568314,-1.7576312522760107,-1.2616847665442787,-0.3908366993714011,1.0982742598303568,-0.13741084175591367,-0.9862459486508398,1
-0.3290405989463836,-1.1483241228815513,-1.225150118126539,-1.0994956836361816,-1.4280761912627713,1.7056035382841106,-0.6155932652225435,-0.38114267498388843,1
2.2913463463814496,7.019667497276671e-05,-0.5683471731918077,-0.33378980395687513,4.138235742268987,-1.2503136975356954,3.739861457028421,-0.21752710782060672,0
0.9151406564496093,1.4220340955491608,-0.16831513095372763,0.01275758219417495,-2.5612028911287137,2.337379123564654,-1.2466291572806754,-0.9968198853198943,0
2.0448842791592465,-4.552400379375529,-0.3524063515282345,-1.0349065913819215,2.1081558716536195,-0.8927035885942955,2.896563681200549,-0.7280116330069346,0
0.12679271149588056,-0.7975120408357601,-0.4632159740057573,-0.7183934069302705,2.522742277247061,-0.15798505024474274,3.115246945927849,0.023796437905658527,0
4.4863611204062,0.29748852072724175,3.638933608523203,2.12006284160357,-2.2472158334387,0.8702754137358693,1.0395320738820528,0.5882158278867412,1
-0.015966625721652195,2.019504355457684,-0.5746530889168566,-0.15384680789228716,-2.7553379265863684,2.5748337719776098,-1.7646950728299045,0.27002241857071824,0
-1.3317308455946453,-2.3093890700599276,-0.6787233198380673,-0.10165720346550239,0.4798273941714082,-2.914940958663601,-2.765540587098095,0.548008423463859,1
0.4492588708010339,0.8731956150796494,1.7714135432299014,1.5170375649428696,-1.2488754247535236,-1.055504985864199,-1.7307743170703018,-0.8491652340236762,0
1.3827874163466018,0.8030834340712059,1.7250176156032428,1.3619143051457339,-1.2995301793674663,-0.3738716980432337,-0.9817362631890336,0.6365830412248903,0
1.9767166051684997,-0.6349639616485789,-0.30835145898836414,-0.2171778985992431,-0.9316451592352928,0.8606082911356968,-0.279338930539496,-0.8788826464654168,1
1.7269733629636974,-3.0872926037489603,2.3612935058272027,1.2917186005930537,-1.1667872208480743,-1.9917471268443858,-1.0580251834250411,0.5625663975585871,0
0.6782076213045618,1.5655536163606025,0.24952598954091776,0.5275265398244869,-2.3306553249026223,1.154723903101392,-2.04439934230595,-0.8433313220317528,0
1.8075723663683527,1.4633788329552408,-0.029100754343522217,0.1463377091641625,-1.7267908445248328,1.936375058025904,-0.46044410710229255,-1.470839473779554,0
1.216663183557976,-1.2364121643395052,0.2243456773724748,0.16670970423497666,-0.5087364201233142,-0.506898283862357,-0.7303414197611665,0.8313025782469379,1
-0.4332336900099556,-1.6998408878223932,-1.0544604925484875,-0.7039852469140532,-0.364782877726441,-0.3365976298772029,-1.3058823454524395,-0.33906423387476725,1
1.5751561567679744,0.3214970265422934,0.3497596004998339,0.31325253760612565,2.772268759152538,-1.3193563107296116,2.4506365596042956,-1.111806246880311,1
0.5814666368615313,-1.9275486186487494,-2.1187887039518785,-1.2793514460254671,1.0444285980269061,-0.5855137978627865,-0.48421524593321863,-0.608828193125393,1
1.5574420609441344,-0.1679406530179366,1.0921418237444787,0.840818207871148,-0.5797983324548807,-0.5880426290453802,-0.49841635588240973,-0.2914762392398552,1
2.47235812987342,-0.33893211506447807,0.39137384366253847,0.31856355645422785,1.074020639441027,-0.6071644112645807,1.22323469069359,-1.2417196698191868,1
1.198970902485862,1.4743085860030711,-0.8938829433566646,-0.11771177765249487,3.596115440315225,-1.392365186021804,2.0968939523304924,-1.231654704663715,0
2.980210532308096,0.06558065120784207,1.4313853753019543,0.608015070605965,-1.9257177153525151,1.936843934385685,0.934173745784352,0.21689909567481352,1
1.3023160511893583,-0.8603434894952704,2.5057896934516757,1.4724662906033628,-1.8119021207625574,-0.5646488865228817,-0.7680853072722407,-0.7903260948563469,1
3.2515047898849883,-0.7792218001875577,-0.7230844643859311,0.2627993172365201,2.998095084310425,-3.129011502640477,0.03683509306560162,0.2828818340689363,0
0.941923184959181,-2.844205707768838,-2.9613498206179907,-1.961639138651869,0.9287559830499991,-0.03873245640246914,-0.422275490171243,-0.11189070763855863,1
1.9434326861335103,0.6852676157485553,1.5254042587870744,0.9372174257961083,-3.8330613877307296,2.143988261053028,-1.5559391362623516,0.37995878648218484,1
1.9934363082048,-0.5273763069744579,2.7097518128118923,1.8499992569377373,-1.2356462203356675,-1.3884719163063137,-0.8784946107378263,-0.2875722907300882,1
1.3348463275217428,-1.143912416338386,1.291080566315205,0.8868524342912912,-0.8825985222800009,-1.0568382719545804,-1.0270398683187207,0.18605158002950234,1
3.0389027509067232,-0.08535776882850021,0.8553313234657487,0.7031219380786835,-0.16761686570859619,-0.2176474824271749,0.3169811995399969,-0.28464480339333936,1
1.6200601266946173,0.7750507533062618,0.3143966580364894,0.7802315848279292,1.4192645725998847,-1.860270439489851,-0.21653571358809676,0.9770430115200919,0
1.3874083739338128,-1.0466715852064599,-0.3497497438143182,-0.34757858020299315,-0.8031794073624299,0.7042440605385458,-0.2169902671171401,0.3388883637132165,1
2.890574061902341,-0.22733581755504972,0.2840075780767981,0.34631635372732106,0.718924614574568,-0.4690889456813001,0.7869412474527382,-0.9971866692516511,1
3.2909673007794877,0.25945409634482575,1.3928123508346526,0.8559967126555449,-1.1370774886609845,0.8752499644244948,0.6578019260531427,1.5062043359527877,1
0.4190141739374561,-1.513921659071871,0.8319654293512492,0.7155069225423124,-0.39990041842439067,-1.923930363077465,-1.7039661125458476,0.5543926941131969,0
1.5219014336982637,0.8648838965806032,0.860795028282535,0.8058402468836636,-2.111794866222636,0.731280363986925,-1.5141340729968484,0.3052316067973639,0
0.8053449232069345,1.4812945746734685,0.2914770477293034,0.1203480634604813,-2.180329221345762,2.4528251282353954,-0.2167099585507335,-0.6569521075985687,0
-1.1891954114262004,-0.18367847320153363,-0.9588109093659227,-0.5819236650657789,-2.1560734506365367,1.2150212413793466,-2.278028614338801,0.8197463103932274,1
3.123477596009614,-0.10765210834501926,1.2946735957272695,0.6780095303655723,-1.8954920045459909,1.4103676893161388,0.28152773962247535,1.2861909489269563,0
-0.27967662477905453,-1.4424635269920418,0.4983505282458328,-0.43658932701832437,1.1838676643264614,0.41888073380672597,2.964917473990984,1.7317279392305576,0
0.30229836725457904,0.7388339194084876,1.8313138284328403,1.1024369034752133,-2.172042435876113,0.7448115701852237,-0.7479645340639894,0.5877480611852136,0
1.8669693556994769,-0.9121969365513758,2.129353640765105,1.1382687023851703,0.7931273988885273,-1.2515644351881223,1.6883833856654102,-0.36772778757214586,0
0.33700705924514984,-0.16811635915099632,-0.13242243971112577,-0.4140228454544387,2.681081994596357,-0.261153430227158,3.3077441277633697,-0.6004833036495519,0
-1.751592015218403,-2.3669350443320356,2.1047887070908535,0.3894092459113195,-2.973949008301699,1.1103975521858223,-0.3085754262234617,1.3197821162066594,0
2.080705719726512,-2.1952796594882056,1.304880198051404,0.4662283343156353,1.100999614086203,-1.2387337275730261,1.8097720930019943,-0.34389492662299076,0
2.226399498943681,-0.885390601920907,-0.3665760003175069,-0.11757846020592169,2.1417696171786464,-1.2766345294687382,1.3986515650028055,-0.7168771959380316,1
-0.9797272022338552,-0.5592402424638134,-1.473102725436029,-0.7860398823797949,-0.573913601181707,0.10880258442567026,-1.756690784153907,0.5503679000466124,1
1.1819906664279454,0.26621793979910635,2.616002588496201,1.8511902962012958,-1.3442388225610644,-1.1274798359154672,-1.0419684323871423,0.33647275809995425,0
0.06923308583815257,-2.2372972948099896,-2.8403520516419047,-1.8616839717116538,-0.05226790452471952,0.5121813817909782,-1.1992633979775356,0.5855039655885662,0
-0.31962091280638605,-2.272508555762468,-2.6439408450469175,-1.8099379635579376,-0.19713083317668204,0.5653845457815637,-1.1655602522273032,-1.9119906328651717,1
0.730840883043014,-1.51558435691429,-1.4484249468780428,-1.0153419154790158,-0.38355668488311245,0.5919428915525495,-0.5802025705209894,-1.1268825322165223,1
0.6349628889949017,-1.547479326224424,1.2082038342257408,0.1881462652046107,0.787144306578535,-0.23498650688139766,2.284317893889298,-1.3352792610684234,0
0.6017605185344242,-0.28016465219735487,1.311357223570568,0.36856587293399334,-2.5660578289065055,1.979616022096419,0.059759354404814946,-2.1934182678439007,1
2.460045239702754,-0.46974654552641826,2.002910788389074,1.7175858871130163,0.23737220877162785,-2.5673431338404575,-0.8785879937563397,0.37158013454453387,1
1.4625401243577878,-1.1600843146440996,3.766155025296228,2.178064791004694,-2.3789570325176332,-0.9570168999459239,-0.8611636308935968,-0.10536064902232967,1
0.09594324456835779,1.5456270412540745,0.5458256513024945,0.15088054546787166,-2.364648915502684,2.661539379075922,-0.036992466359485054,0.07641151036333134,0
2.0245350388549475,0.7508545657075258,0.4725712493216849,0.3081618240548523,-2.3186609469049233,1.9828187596226916,-0.5794855161245449,0.058231158273103406,0
1.9601357077268793,-0.4335191863623824,0.027008878518355317,-0.13026255693082966,-2.5024049869488514,2.0199385343715393,-0.8175588468781376,-0.8043355225795346,1
1.7661538557096932,-0.47036396788582246,2.650557807373223,1.8127817357967146,-1.0040961884126047,-1.4948909366414957,-0.7599561824590119,-0.3232253985054415,1
2.2252789194793463,-0.29243430508121904,3.0990506904995976,1.830079686667855,-1.8680243345403087,-0.19986803558699895,-0.053814441301532234,-0.6943606618205838,1
0.8574505878996573,1.4518414148486327,0.6899515077624769,0.5807522277335113,-3.1031291065996673,1.984724138537374,-1.6981828470044047,-0.31312227492344546,1
-1.5164803362630823,-2.7814943859381644,-0.32755310505455615,-1.2190357042431774,0.0683121703430329,1.0971878411613085,1.9194056440001326,-0.21335389211979822,0
-0.03407320393592883,-0.48432802574481215,-0.711635149692301,-0.6353472161759325,-3.9292959154919007,2.7842457101177622,-2.505706465979806,-1.5970112120853892,1
-0.9566950600338451,2.0699747197405016,0.028955520210177332,0.024308105725672685,-2.747583860799148,2.6217513169217463,-1.2213148564227942,0.3828029117346353,0
2.385438641914794,0.3570673292644676,1.489451357481213,1.1485173835000182,-1.5001544510924931,0.057779742326640404,-0.7868650347130797,-0.895613691672365,0
0.04433268956062064,-0.821616327182974,-0.8818274099472705,-0.677910495425696,-0.5992708199683545,0.7102690276763242,-0.47234409996914206,1.6095300190247752,1
-1.3019935065357364,0.5705664648832627,0.28826669994969634,0.23377743030429826,-1.2104811183714799,0.3242647420238285,-1.2204700047974655,0.6487451916610573,1
1.954422353864834,-0.2959843290605,2.7997171003859895,1.595959044736128,-1.4476370354977253,-0.15607044085559774,0.3181116749586326,0.1906433437834269,1
1.1003137270286794,1.3871595395073388,0.542529987155811,0.5671330592815256,-1.8882316662813214,1.201161490779328,-1.0735882953858564,1.9605642832710466,0
-1.030105217523785,-0.198636006214021,1.5920695399025866,0.5258197080481636,-0.6824760553537281,0.4762070836418131,1.018524589164046,-0.6514160492103841,1
-0.2960219069160588,0.45548839494546933,0.9436667720768,0.4191297084987163,0.4662905807160112,-0.031392073064997694,1.2597108092845755,-0.14491673430237229,0
1.9464742286479986,-0.09427851801782794,2.4558237431498853,1.3195016730737472,-2.004970666542192,0.697856966499377,0.22934382595241387,0.2910539365017011,1
-0.7316300180289528,-1.8679993159942851,0.8058934138580872,0.46451629043118864,-1.0663149997810175,-1.358311378981778,-1.8799699286373912,1.9313987335324208,1
2.0520229372731142,0.8667794488744411,0.04007395731851682,-0.1999043569705752,-2.3560544055173693,3.148251967843311,0.3699349513076011,0.14441925673660183,0
2.5686709067562425,0.04833562538970948,1.5471303536560943,0.8855114367052497,-1.4821832433973718,0.8276997921425177,0.3052083996834507,-0.922685204517865,0
0.18013271992855218,-1.4107391937392522,0.9152103070984294,0.47246657311664214,-1.254946581210785,-0.5469038174036716,-1.1877606219098906,0.14742906681881127,1
2.452066653800313,-0.23621085052652702,2.4743889929454244,1.8158832279402648,-0.5939328675197292,-1.6139819755861988,-0.5441822800161291,-0.9938623783944704,1
-0.11701109168983614,1.7899057983873434,0.3167337219324532,0.3758965822925385,-2.2831785276094982,1.6646034324794243,-1.3918132723496592,1.1003268365517227,1
1.6438490462017847,-2.5801554467946084,3.156967322532776,1.4562435676774637,-1.0246098961261425,-1.129179596163175,0.6947484501576814,2.159603656770599,0
-1.1976586776064253,-2.222660059224373,0.14163996572938276,-0.053044907214379905,-1.2028358262329752,-0.9161151259288707,-2.0027501947617377,0.5956868919147715,1
1.322014157434586,-0.001997588153820784,0.6719884070911097,0.3159374480890873,-2.5312778573193984,1.6193196289689702,-0.9325236621756232,0.6412669910958968,1
1.1457885512724262,-1.7141748289560124,0.14083532049206715,-0.003290928334088745,-0.7146388504434259,-0.31995240968942085,-0.7202095995607539,-0.5673384128844519,1
0.23167547479829753,-0.7239036050291325,-1.2380291469012676,-0.3795965297864597,1.122527851186306,-1.5660052562252056,-1.1701318538712038,-1.168117058075554,1
0.3555066146774476,-1.7592895589639905,2.2531855128362697,1.1647038715462854,-2.1246764485966327,-0.6556936186311033,-1.2752611175758124,-1.6108084872309059,1
2.2665286169744756,0.5767577487643398,1.0761068437101984,0.7651624820503566,-1.65116530143125,0.9328501720082883,-0.359109119522139,-0.619280908925799,0
1.5538540289067297,0.5230804176557029,1.8132933257621477,1.1722163258333813,-1.47591856905477,0.3176341473679627,-0.23321372907168503,-1.9377002356193909,0
0.6628005472164196,1.7586279833741587,-0.8385554360324499,-0.8791671531589412,-2.936779500469955,4.685238243947382,0.3877819896234673,0.4506738388725861,0
-1.2109266592807084,-1.370080593260539,-2.119659588135244,-1.4435142148759366,-1.8500948938245354,1.3753965162422075,-2.299269336433718,-0.48245989687813745,1
2.308407204859848,0.5039118826280744,0.6744411547885468,0.11822146213889446,-2.0039903912404076,2.634770638201455,0.8835815677569523,1.4458131585491403,0
2.134594965941368,1.386155629752212,-1.3721899559433304,-1.1109856254285564,-2.9340646787452425,4.827387032788186,0.24987375588981364,1.9189748194221308,0
1.1804125600515933,-0.9499904381438332,1.3160348799416715,0.5248881085750599,-2.159355184354518,0.9389241645593582,-0.4203694494826473,0.032237128353028895,0
2.0898581557755165,-0.5294230944901412,2.105214368953316,1.293955563436329,-1.574989350426109,-0.2178140541326612,-0.4463403406345493,-1.138450594656826,1
1.544099704055725,0.39970898606397876,2.088651985814227,1.3794896919371031,-1.4819337111374222,-0.05907109910570796,-0.42524008902185784,-0.21490073183204667,0
3.708937044690552,1.3560671478306512,2.54277903650972,2.718203443303964,1.327015990086217,-4.008635198365075,-1.1689203557547865,-0.7701195736277257,0
-0.19485335927479586,-1.022293081961104,-0.16517869591119116,-0.5955524363944582,1.99951266213135,-0.1116616503195339,2.7644909183249764,-0.49858432803959174,0
1.4512276152828636,-0.5091418360805056,1.0545300466238763,0.2375789720580337,-2.456428409247839,2.058830642087656,0.17231139941187612,0.2683901565560964,1
0.7262372617859938,-1.1076921667601125,0.8509633560369674,0.23076931830649164,0.5279496096349111,-0.4103073951600916,1.289411285513111,0.8876407387565635,1
1.0003333255781865,-0.8764241064297726,1.25956038884827,1.1222733390933046,-0.8825886762815662,-1.7795821346671032,-2.0066298299947123,-1.0380593143639574,0
0.7669959067227956,-0.6896050045512311,-0.7150506941122426,-0.4754265424955931,-1.5438856417891265,1.0745765123523685,-1.2138225856479776,-1.6570348977076805,1
2.2092285135133807,-1.1512072739975396,0.8229592379021149,0.4708226982215881,-1.014519200746558,-0.048056849666888835,-0.372482941193391,1.0891422662184824,1
1.393279317402405,-2.327116701613265,2.3245522912371004,1.0514948071402352,-0.8919855718349943,-0.9457135974355769,0.31455593292317807,0.06870975658422404,1
2.042436384554034,-0.41041444934599725,0.8949373397263625,0.7105551347909289,2.0396742719917835,-1.856749278442178,1.4849065650561188,0.3124916447783878,0
1.0191099885246442,0.9814999463001975,1.689145192502541,1.6948452097980926,-1.304604478766667,-1.4934784221745345,-2.4230328296129637,0.6113657455401045,0
3.7971770541918124,-0.9668505806236354,1.294564164707114,1.4882198421727102,1.4115312844980124,-3.4262193307790896,-0.7256591567880353,-0.6663665067270366,0
4.428359758457369,0.2003877465456808,-0.6731878599997467,-0.7368793986785147,-2.5398303917875134,4.178722101217019,0.9954111756014841,1.590016868886107,0
3.2666142704519343,-0.42696300748992777,0.8584447855281288,0.29371896909086265,-3.077463164264502,2.4848071791884263,-0.32147035603375007,1.0343844189474813,1
2.390827269999018,-0.5646855492967632,2.0386853021802898,1.2192957393896937,-1.4743011981642746,-0.061268011442234704,-0.16012200185237602,0.681236964779072,1
1.5043998806598222,-1.0524403238568096,-0.31777182685437544,-0.445819052810626,-2.25845115665613,1.8674422690245565,-0.7850905250988849,1.2646013265084006,1
2.5915174506758745,-2.045562764397322,-1.0949279153519913,-0.922339815416402,-0.9593009471722808,1.2338220549782892,-0.10798997725451664,-0.8766389928342821,1
1.8080686685136755,-4.263865670155221,0.5885856852841728,-0.5550097279453251,1.549347119635345,-0.6923115906234147,3.0764852506188873,0.7398302513722973,0
2.0109960749629323,-1.0397660896724525,-0.8869872833383302,-0.446033943336109,0.8310773353051378,-0.42097034992982896,0.22978124708012704,-0.6123502900413498,1
-0.7279739567647132,-1.3813382412263384,0.42092951969639203,-0.1559302809874424,-0.30284688103668433,0.08341401816436811,0.43070097317489553,-0.09068397898216249,0
-0.5128726824953134,2.2243873640865774,-1.0201776596006304,-0.2700872200398334,-3.439413470342924,2.6876952114629686,-3.0137584701871947,0.30186012510955024,0
-0.035878421454300646,-1.8617495249319365,0.015355289583860565,0.37848890921349837,0.5286569273684653,-2.846918342619859,-2.1358317903534765,1.221271460680318,1
1.7250527180779827,-1.0135001321923671,-0.7866552425877535,-0.5758422013632425,-1.8601207699865694,1.5044991578965086,-1.077748460696731,1.2536653794336117,1
0.768112327185654,-0.7246502085873378,-1.792607313564142,-0.8149623179522492,1.8518927164397236,-1.1597266837455344,-0.1395010586235481,-0.1224529719623894,1
0.6826854381412424,0.9862437209156636,1.4468648217968274,1.030718585828022,-1.885779406101549,0.5634361349268633,-0.9628634588126137,0.8708977090027179,1
0.8115770575738708,0.11623928415106466,-0.327214105263006,0.11220482225736764,1.826833479509348,-1.489210679242778,0.4229372387950199,1.3207149843065367,1
3.150439814873939,0.25870960214111094,0.775242902108777,0.3738751769103593,-1.870704423034949,1.925749314430277,0.3887647617617749,-0.6120996645321206,0
0.7316794226989558,1.2667015205157306,0.2016940271973321,0.08244478562622981,-2.575729354626853,2.482790641824158,-0.7374725132398542,-0.4334479672352774,0
1.1074476136642863,1.7830314428694845,1.0833095052398831,1.087382985110077,1.9079217922220373,-1.4493110085139396,1.2911879644788073,-0.4353768891014303,0
0.24215134777808245,-0.9217749566431136,0.6065029282711759,0.4647462780006617,-0.559775924148891,-0.9615076533115182,-1.1350435306798747,-0.7282401470049987,1
0.3680068672018988,1.5199534667643841,0.9962740794923938,1.0580663363140834,-1.7014708108367835,0.025624846632927745,-1.899269562478294,1.33201243973708,0
0.25110030530307037,-0.14819585047791461,-1.126491717854526,-0.4326129890746671,0.15153612107229578,-0.3032419267465729,-1.0595851296922334,0.8875975102080267,1
0.07916214421848,-1.8722832047204183,1.3012289709267644,0.6022642406608633,-1.7533940599588924,-0.5185708292231692,-1.3780158455362168,0.4021722715859419,1
-2.3642532062380157,-2.0772628659978922,0.14575089274558983,-0.3495660572425988,-2.5089524810360886,0.5324358284452997,-2.117048589881085,0.38729504479020455,1
1.2666788395508033,-1.119316002523675,-0.11645607704489414,-0.28472823868625935,-2.5836001185945214,1.6815665165189149,-1.269322720939177,-2.5359489797933787,1
1.4245564215879978,-0.773890486338894,2.02881979822984,1.4506879798421746,-0.566098658602432,-1.734906261190543,-0.8905809025572394,0.34489439493935925,1
1.6189984959942705,-0.1684925745021585,1.9900711928872188,1.3684979723082031,-0.6722986740728225,-0.9758015489657847,-0.33093053514662263,-0.1431318167011589,1
-0.13431410627539564,-2.942889715596736,-2.858405976354886,-2.095211288940383,-1.0718253824579025,1.2298172036809119,-1.548396304187857,-0.6805920491452495,1
0.17899592952005816,0.7488772344504164,1.9434448828288673,1.4062753230043346,-1.9794397264666947,-0.22443925744945847,-1.5584049174500232,0.4715011200458652,0
0.829828287657568,-1.0183057489134646,-0.6805308587267833,-0.6502084883681937,-3.4551857529851353,2.487013700020186,-2.012385212708097,0.9898731088413615,1
-0.41076583881244,2.262518177152908,0.2360782566409988,0.5512555865477534,-1.9324825824420218,1.0433626417551805,-1.8693384059793914,0.4475448624554652,0
0.5945215485768758,0.318424137311037,0.5121492800057317,0.6719462833173929,0.65437047464077,-1.431209469380311,-0.46995268693194414,-0.5721678357572214,1
0.4504743856733172,1.544952962444929,0.2161523301486602,0.09307513987067498,-2.339512058220699,2.4651308728393184,-0.5096298628928146,0.11463659799403864,0
1.0275283817576226,-1.3224397531423553,-0.12206011568577768,-0.32903691931420803,-1.2835173603858927,0.9238261688107092,-0.3461119982400197,1.1215740634123457,1
0.8734316662487381,-2.5914346794290997,-2.6211077317911164,-1.854631357959377,0.07029389499429751,0.7091547512712789,-0.4895805192385384,1.014019777529915,1
2.049250905430867,0.2094369453453584,1.8095267888718305,1.1578981744632597,-1.5525083102215111,0.3132345105729837,-0.24493309620989434,0.46193850357111965,0
-0.39713175286118063,-1.523247729183312,-1.6037114485889248,-1.0562628679980985,0.07996549714225494,-0.059433920610403757,-0.8781137438818412,0.04459036595284821,1
2.664016711467445,-0.4807404606425909,0.8567279850613421,0.20578564540536884,-4.729297428761741,3.433998187157948,-1.4449079334328365,0.7735731201423632,1
3.8627927693169397,0.018018761023280705,3.396160784322725,2.506953142131327,-0.5975563001441105,-1.9939427091001,-0.2730464874034797,0.8834317600401218,1
0.6966791416823723,-0.954972658595318,1.7291319569068726,0.8879796854276294,-0.44102815806232254,-0.7080749105754338,0.299402349761135,1.0147353502149445,0
1.5153236794165457,1.0277306027220097,1.3050655302222383,1.1698017919111172,-1.1965503007071794,-0.19838851002332913,-1.0477466202092711,-1.3933619016935648,0
2.362512885578562,-0.8278557294930007,0.5149997062407008,0.4059844353132136,2.0027315270788337,-1.5873715947714007,1.5654493316642222,0.3851737368889286,0
1.7089560041751286,-2.874861902709723,0.8215667972863802,-0.026744358869825555,0.9886084220691376,-0.8375767406178845,1.9207688549048987,-1.8262575101152616,0
1.5226353220071451,0.5299293070103113,0.7528480603123862,0.6274130968848203,-1.442224776635858,0.5729815852626983,-0.7789044632133194,-0.32446568165873163,1
1.304749016295606,1.5353947787487057,-0.15145864584957014,-0.33683736114438056,-2.01832989890369,3.418151554502081,0.7845978438154075,0.20661753725213244,0
0.5639908689083049,0.9078912492382438,0.7084222416464505,0.5670936837118691,-2.3366335162917014,1.1817040680625484,-1.4420536817641993,-0.5186444169846267,1
-0.5457690127976829,-0.6000441623389733,0.986369065352911,1.0134620668535632,-0.01676653794291975,-2.500760881101766,-2.027777141191825,-0.9420628966847752,0
1.381171352083294,0.9393788874292035,3.196529039605045,2.3178010430164937,-0.6779606517702564,-1.6464898904718552,-0.4542358300264082,0.6870047961775188,0
0.1562448759164916,-5.048137284859983,1.7865553813196275,-0.16947935464366992,-1.2106025986354894,0.1811933165644828,1.5490157733342158,-0.45764861230321513,0
1.1633121047093966,1.1087171504298123,0.2429876603378902,0.05187600169145083,-2.5061770488962396,2.6133525569561975,-0.39549911352468325,-1.4646933311932566,0
1.6594773680868427,0.007121293439281473,0.9414739217391981,0.9088766995376246,1.131030727088463,-1.7737418823667608,0.2476555321599303,-0.594422657868335,0
-0.7945049599419323,-0.49394863962013424,-0.453576699564346,-0.4168937849254223,-2.851613632695418,1.648218568209849,-2.1861478486068076,0.29570486800151863,1
0.8124036998082806,0.780880142689895,1.1687387737373522,0.7129996565802368,-3.174095869242278,1.7786802759936933,-1.4427204184675626,1.498227576686089,1
1.736428712616747,-0.680683821449009,-0.039739075965853354,0.2089137147521761,0.20228403761984054,-0.8549500156060866,-0.5487027867254444,-0.02904927605687674,1
0.4864155453515675,-0.3260194161129074,0.6339994491274439,0.4906845860858921,0.716934923185386,-1.1839835255126476,0.20238416115245295,-0.70750965525126,0
0.888089657077159,-0.8847347998042747,1.533096129290962,0.6847180732226369,0.3930851406652874,-0.653759066842497,1.3262719794341682,-0.17608254139295967,0
2.1563050467793095,-0.5445382837438181,0.36380503751487203,0.05031042444813589,-4.635212081279784,3.003692381965583,-2.240475066689365,-0.27520693757159453,1
3.015517715575926,-0.10777778704515095,0.5759736694393331,0.7415516264365124,0.13091593901782297,-0.9239063277253243,-0.3515944898467168,-0.03998118532691911,1
-0.2804806148606336,-2.6802526996472453,1.5500112221284605,0.3377868628716561,-1.4995024442764207,-0.1032060088534954,-0.09120985236104917,0.19904621677979367,0
2.6408313494056515,-1.6127616839444578,3.061266720744365,2.472102982994069,-1.9989955920592992,-3.1308647479135163,-3.389881757739434,0.08261954007885679,1
-0.8032383281496889,-0.8467454193739639,-0.9140486658168585,-0.7713974946524057,-1.122141563658287,0.9926946226163909,-0.8870953547155602,0.08761452328410028,1
0.612793646780207,-1.4479429224551257,3.1638336338719477,2.134065984086491,-1.0691039243036902,-2.8064988422268833,-1.7270614475304413,1.6343584856645799,0
0.015130975763517407,-3.4893478310188417,-3.9079065840624057,-2.525772314727786,2.297398428128071,-0.9752952153030434,-0.2989111408212075,-0.3262362080752654,1
0.9770846930033125,-0.8049760896991576,-0.5669549010443093,-0.4837926329693633,-2.3148630252602898,1.6955533045139521,-1.362433584527774,0.31409597786466,1
4.371287476286109,0.5248465811821199,1.4718148986218247,2.0021600279547527,1.9406337501192952,-3.915715229832437,-0.8637272306235155,0.15578417967290992,0
1.8113959998416715,-2.0890524837124937,-2.1242530727833007,-1.4803718700153359,-0.9778331432141617,1.3598180592351015,-0.8545366255233876,-0.10917781055109987,1
0.275710889297176,1.81929814016675,0.31546288770106357,0.536621552358315,-2.1637241243587484,1.2008838123443712,-1.7866933678621995,-0.9334096649773882,0
2.1586854153130304,-1.2569309684193475,3.394029307754114,2.520131229118654,-2.0994320421287127,-2.639423527384923,-2.770241862725807,-1.3557992168105708,0
1.6902126813117604,1.0584682259204348,1.3165124047250014,0.7749364511421493,-4.210194385957692,2.7746322940233425,-1.6067777196241522,-2.2011133290653078,1
-1.7371706536262574,1.520242586124067,2.5625109185593327,2.519474229856117,-1.6886589752975008,-3.1415744912255894,-4.403907919941362,-0.21529526364869955,1
0.9477154719079075,-0.6183903986552265,0.5594652582851368,0.4222932708213275,-0.5346573078688691,-0.4880227018322263,-0.6465773087491579,-0.17472021022470952,0
3.020486005807258,1.4907636334212868,-0.06871037540498293,0.820799716674188,3.9251945746761265,-2.9568055319128375,1.3982135026773714,1.844105358382728,0
1.3513636516872096,-0.6819254043222736,1.5730561235277654,1.4319355376019995,0.16623635485843755,-2.665375883723948,-1.4169699839486167,0.7122444243870255,1
2.260117721459287,-1.4309747231765952,1.5989723933300337,1.0718111268328518,0.5398006065349403,-1.9208257372804447,0.24902147725280177,-0.9561106971546944,0
4.486937776027117,0.46468877703852196,3.6288795128517126,2.798658457315916,-0.21541445268775883,-2.328901296947032,-0.0729961952606375,0.5635513499187214,1
1.4117026298079125,0.8193708863379889,1.6361507692478674,0.8074269177569442,-4.7181036722563725,3.1433843601032883,-1.5260237778793435,0.6180707050892253,1
0.49425165853581887,0.03783879280409308,-1.0276656950519887,-0.5273818035431463,-1.6886808051510194,1.319218138842274,-1.6013633612881968,-0.041164342948655,1
0.9664262946650758,-3.0436858225690933,0.17680479230574708,-0.8961354297360153,1.9699309949196246,0.260326757576788,4.07507543407681,0.560639316390766,0
0.15139504224592104,-2.641657826846935,-2.4472717931552928,-1.909027262286625,-2.2165865485260334,2.102332388196033,-1.8059591453050114,-0.848350408494058,1
1.9364964663138626,-2.18327460021259,-1.4557930635543537,-1.2314711099131805,-1.5556942564582739,1.768030967284931,-0.5620447445889739,1.741741602703865,1
1.5029226020967643,1.1929694922644478,0.41089104684767186,0.4633089425132159,-2.1340322570400714,1.4572671677403197,-1.1494467737728247,0.6054318657446455,0
0.1172592037106398,1.564150427725798,1.4106373119963675,1.3641050658520952,-1.507845520910731,-0.5296801434598923,-1.9684271936668465,0.835808352134966,0
1.2185265864867822,-2.736813523386859,-3.486062830780065,-2.1968400676433393,0.8385042709729547,0.18652541189534266,-0.7448123745919811,0.0330560957239263,1
3.9226664923315773,-0.09643300862893267,5.334585138848798,3.170529855580008,-2.92321741073329,-0.2474428840592946,0.3068939115611211,-0.0809808340801333,1
0.7458471462043479,-1.589491140177067,-0.22551858246640388,0.3288299705854058,1.0264572431049184,-2.876842387072763,-1.7567036332684047,0.7034482370778747,1
1.9470327120285744,-0.8908818319374637,1.947895034549048,1.4803501574788003,-0.918807839185687,-1.7011626379156712,-1.3574829901469423,-1.1309563799532076,0
1.9212840009602832,0.3982917450933654,1.334576160315013,1.1640115731484106,-1.9532037254018497,-0.07683868753321943,-1.7220864095492452,1.6021146959947175,0
1.966000113902071,1.5335109642453302,-0.8824700712227178,-0.6445252623175016,-2.598386313955981,3.8734182015918748,-0.06811832836522425,-0.8112363262475079,0
1.8989182687590083,0.23801519085379053,1.3015165623511815,0.4274217483426922,-2.0401830164872874,2.2280971346035945,0.945118280699996,0.41359187191674485,1
1.9951203387116498,-0.020328087092307934,-0.7401053677387008,-0.3073964202313856,0.47122802894640387,0.24744999021612601,0.36393927595195485,0.8272080744008796,1
1.7061863032340856,-0.7070701308441083,1.7996451371729627,1.0917172261194408,-1.2817072794747377,-0.37737072563698604,-0.449444846947042,0.6909060643843599,1
1.6391250366135388,-0.6890688520308529,-1.3347095482568672,-0.7519990042756086,-1.3527781730393726,1.241875415123538,-1.2570851766420943,0.10436576315356552,1
2.844871449516274,-0.630826871102711,2.8146865765999314,2.1002079259831117,0.16836789305545233,-2.63756972379282,-0.3168603476538583,1.8028196245135242,0
2.3993795693937923,0.2046201213060559,0.7642563725395937,-0.1587623520541056,-2.2572155923394512,3.6203887930303704,1.8852624565837748,0.2839998247646477,0
-0.002162945617041112,0.0022761727744229354,0.15011338668652985,0.0823855694911107,-2.1027128492645724,1.0500078859855146,-1.4969528126649028,-0.19217264065400844,1
2.1087274386803916,-0.8084976965781943,0.6313231756328614,0.17517834644232833,-1.9149285267661988,1.3427085743316614,-0.20166197196877156,0.24879069120412248,1
2.832125335320737,0.20250250178704587,0.9997737776674759,0.5513982633958853,-1.8456896319005602,1.5200201076571263,0.13566610624777797,-0.01125566051277344,0
1.4864439422963254,-2.2624523218513923,2.0207209048974764,1.066959779951294,-0.5983924146143339,-1.5138473927811757,-0.23879786536601078,0.13240277289739724,1
1.1555912665166523,-0.741710523504481,1.1738485746775313,0.851050952581793,-0.930933808501012,-0.8432320352837429,-1.057305500147464,0.05563078561562035,1
-0.5080896615745887,-1.660714558624444,1.2878706975614251,0.9669613712549323,-0.8742460494431514,-2.2141404395757673,-2.293360634192489,-0.5882569969035252,1
-0.24442165491123058,-0.5211797680399226,0.19223453840450622,-0.49685115782215916,1.9969898616434005,0.4213373355732837,3.5552074353002863,-0.38482566793780376,0
0.44493982715495295,-4.460934287348572,-5.764577955426488,-3.5925242511794826,4.224173832546931,-1.7075634025432294,0.18910530849426044,0.40502332843978184,1
1.7115247664473123,-0.8456214100126945,0.2700411203751245,-0.07298653861736781,-1.2764614376698127,1.1701235753599968,0.16450853661424625,0.37495808923956925,1
0.7751268736876455,-1.0093441070819005,1.2794740528833268,0.35356357295261875,-2.541924117311218,1.4967680804092,-0.2967665007971826,0.2775070459022594,1
1.4994675765704484,-2.790089944561979,0.7358374423124501,-0.26777120180511005,2.057292009439003,-0.7255825867331828,3.4195647273361023,-0.9246727000777244,0
0.7976783199622488,-0.5860268780477857,0.31990523932447,0.1879562351671341,-0.7208958993953912,0.020458620236713854,-0.5062646836163848,-0.3400998723573238,1
0.8839283468754885,-1.4462694661133058,1.8255362624854585,1.192795272738662,-1.1082972377392915,-1.5234545976757654,-1.3657942719085292,-0.8013476029388691,1
2.197380791192879,1.06701814812991,-0.26681523026923726,-0.09337317830601843,-2.367453275599105,2.547634411861826,-0.6820120989556798,2.008120648537012,0
1.5645933838684827,0.9876126178055677,0.1712985322635373,-0.21787664703862866,-2.524665384650902,3.4346342090656528,0.5483149729992183,0.3326779091147919,0
-0.7136481682582299,2.29420070329124,-0.3334260533842719,-0.12454605690238016,-2.7006198113286866,2.797091157573895,-1.313360494116642,0.8366246300181949,0
3.239007383624866,-0.3475646249290143,1.7534082974401812,0.822780140246731,-1.6740597417915846,1.3341544758560664,0.953881525608018,0.737216157884268,0
1.881466497936819,-1.0184528245243631,2.1673351706823785,1.4242910713520816,-0.9933480477495878,-1.2726280229088698,-0.7236383304769478,1.550858447559878,1
1.3653216807675774,-1.071600679946237,0.5457159169705872,0.3248254098921026,-0.5659101276070231,-0.37818849380442765,-0.4280210271568273,-1.4365555887511758,1
-0.6566524100443412,1.7525782975336783,1.0388718327447197,1.1965166671304637,-2.074057720171875,-0.29299003109174127,-2.845521136682177,-1.1755909888627512,0
-0.16914665790915406,-1.2642143696044437,-0.809225652144649,-0.6704264276353864,-0.7770609688921964,0.506467700348683,-0.7741466780771481,-1.7253647217524934,1
-0.508640353581616,1.4746911150138722,0.8698112563453666,0.9308539029789885,-2.6547247401165492,0.487983762464798,-2.762537783350398,-1.7654916092035733,0
0.3515771455222514,-1.3881083202959104,-1.6306924293212186,-1.0661919413058893,-0.5760162691617953,0.5852033660018628,-1.0511721422722249,0.7296689774549544,1
-0.3481442495412441,-1.7300291860009427,1.6470133280265185,1.3864144049923817,-0.20346756145407577,-3.4399152218434295,-2.518417123484597,-0.43433633342239686,1
0.7404947700009405,1.4343097120662434,-0.04494994231094873,0.3277545565083772,-2.665544615361609,1.4908388981764755,-2.3091727351305917,-0.4764733659880055,0
2.6384953154477624,-0.42670409992699,2.121345406428839,1.8642719981823073,0.32453686598363773,-2.8463858220877416,-1.0031247285693152,-0.6263726361954582,0
2.006072238071206,-1.1411031770488513,0.7761960151564334,0.3354869812617992,1.937563781430227,-1.270523916914476,2.161917195943329,0.008759710532165755,0
1.393330771211285,1.401301458453784,-0.7202640157942359,-0.413964494983432,-2.8799548064901646,3.2394301967687014,-1.0512738377910784,-0.3347522929459651,0
1.3211371217113748,-2.2660554301100913,-2.240839966405569,-1.540174241139389,-0.8625307748581218,1.065774169953168,-1.1059038276598552,-0.425852171758352,1
1.918228683122368,-2.4967081226989176,-2.4747477940319222,-1.6730933675051356,-0.6656905391060126,1.0667231968124915,-0.9529026710217142,-0.35001649829837117,1
1.6059172519057352,-0.26820074498227564,1.2226620265816404,1.1904238238051146,0.08524053857857847,-1.961272571069037,-1.094723014438394,0.7639147277022018,1
3.703827187870965,-0.28629885613874806,0.7211443304261682,0.43893432144002753,-2.1205851689915196,1.5292260899105266,-0.3050829981188655,-0.22464559420424626,1
2.126322318998618,0.13743494123628508,1.9164144814188007,0.8353169851983984,-1.4809009237555937,1.4617220987006223,1.3453951941896438,-0.3679310972700166,0
0.26402184445087573,-2.0400235665689928,1.4311452271135723,0.8914707791103521,-1.311740069639117,-1.5864492259614038,-1.8920367149375465,0.5232408718328178,1
-0.28293843268351027,1.4245362017500427,0.5642480028077257,0.045340530691980685,-2.6410823275773017,2.988658747076987,0.0201834491661812,1.1988421172183097,0
-1.0844235033615646,-1.631953951794881,0.8381808325553947,-0.5145437109030475,0.33482606218565913,1.248630192696499,3.123411782906083,0.7198554752012861,0
2.88763243551211,0.2610268364387902,1.2953649912260745,1.0694721314875872,-0.16649804036972654,-0.5895416561018214,0.13915741647368862,-1.0647198995157106,1
1.745305430562714,-0.1560666360236861,0.4157029795549627,0.22781573137557432,-1.5301419558606275,1.0240868530997551,-0.4371358147821599,-1.151421293557777,1
0.5061997009692298,-1.591715951627585,-2.1576036426523886,-1.4582637330039712,-1.9733588839151488,1.7547377849684296,-1.945657670040834,1.0169130744534964,1
2.204349969323774,0.23916625455832263,0.4998204661011858,0.5793968732433855,3.222038755489054,-2.1015141528170522,2.2917092225110425,0.7978414281853928,0
1.1735238662788243,-1.2927024420283142,-2.229093920116067,-1.1866063515119836,1.623381634438866,-0.7336342085148322,-0.13544809956317083,-1.2192042732887114,1
0.05828289805861964,-1.629372037930667,1.0325091294401145,0.3708604803412924,-0.5436421761935469,-0.608629350654579,-0.12555438520079298,-0.6135097346912969,0
1.9084214081274329,-0.3875405948082552,2.2198109949076743,1.0432403537035906,-2.319898562562311,1.2152451613783288,0.3045030523164862,-0.13726718949349648,1
0.7422608355678119,0.9018704842258992,1.3343132538139761,1.0633716543356155,-2.0221546746131414,0.32252101335432715,-1.5083896763403797,-2.054141368971328,0
0.11900137170854264,-0.810361153347688,-1.5007241178093018,-0.6653361433769421,1.4932285354740933,-1.2887515257294053,-0.5276004254458764,0.7727517724737146,1
-0.5562266924554384,-1.5704480006036494,1.116139993624921,0.37939343620095617,-2.181361563729055,0.21484458530721007,-1.3417607094180066,-0.08687024241802316,1
0.27950949615028753,-1.0802898969231034,0.695366329864001,0.4948918984163386,-0.6591296759681733,-0.9844839730673344,-1.1766301977251286,-0.7625692819368406,1
1.017763184586657,1.4325265959572024,1.4195975556087042,1.4026714769483448,0.9006748815431906,-1.753330633469108,-0.07035084113587065,-1.6309583245759303,0
0.5914106393332236,1.0669967782057466,1.6931774451780437,1.5188636154539885,-1.5577087398180887,-0.832717856750693,-2.0068743569349383,-0.5550672201138795,0
1.6112750671653975,0.7972267268566385,1.6527200164223501,1.151019494299251,-1.1070037620926616,0.1759640416977455,-0.11220695030978112,0.8449996550426596,0
0.2768626102415629,-2.3941255864965267,-2.430422736994858,-1.5673357169140516,1.1475450615207095,-0.5560809019443136,-0.44006751908778596,-0.059871871171032015,1
-0.0016629235935616826,-1.3362994656469511,-2.2327440945873853,-1.3335346048503438,0.1401746919782107,0.16612073185380982,-1.10300648969887,-0.8403016433074315,1
0.40197302111731614,-1.3744975932756986,-0.5613098318412697,-0.69349928950428,-2.939492094115128,2.154797047160245,-1.5074586702440562,1.2300021796531344,1
1.8110851608923495,0.6708259450922485,0.8487702007258192,0.8362529393539314,-2.0669910157577593,0.5319416995686947,-1.6395846411554351,1.2088991404950036,0
0.9221943751757985,-2.9892117659832147,-2.71456987377747,-2.0071838102910533,-1.012899759590672,1.3762578905841933,-1.1355579769585955,0.33559872994602064,1
2.179426874190637,-1.6283361164900858,1.1673220574221657,0.7962957529869226,0.6299498149918302,-1.84224202928484,0.1585842101413082,0.032294314518515,0
2.1182177772215107,1.3230946912584076,1.6595323420857424,1.187443924924365,-1.366793177365811,0.7203575355771095,0.04697957307030598,0.007404182917283073,1
0.5917134297560593,1.6159650741367746,0.09136929094087543,0.17494079740992852,-2.3117304345471257,2.092283747940722,-1.042679181955631,-1.1081598514461035,0
0.8712833912116409,0.6307958447149205,1.3628592708907366,0.504584123177454,-2.312287575534246,2.199373442811237,0.45364617290908416,-0.8051611848175101,0
1.179964095034894,0.7107615732062224,1.0654837128642523,0.3640509023141322,-2.209360565521935,2.325938040827828,0.47828861626240804,0.504256613899027,0
0.8827549380065357,-0.6974550616621281,-0.5369181786478991,-0.47695753998495843,2.2491679413731838,-0.6328462024570927,2.093270954508429,0.9597865990066118,0
0.463687470759658,-0.37583817802147046,-1.1803006259268725,-0.678727537943431,0.08382926169776161,0.3626669999259611,-0.327294188640032,0.4992895845974047,1
0.41053000919060756,-0.6110357469833434,3.1646135244455023,1.9567136493825537,-2.5711357626696705,-0.8881218098718403,-1.7321007914842497,-0.06920992219364697,0
1.9195997928925654,-0.2010667384450714,-0.18064356900896994,-0.07613743162818788,-1.4032780169830603,1.1214979151247282,-0.6333147083498047,-0.13846572543076527,1
-0.7177757466583266,-1.7525767823185303,-2.9161354803014707,-1.7639982762804438,0.8419918984237665,-0.26080529533138885,-1.122757696207663,-1.100218211500904,0
0.45531527677586825,1.2494340597237803,0.013343361668600062,-0.19407126130443966,-3.0629350924096967,3.2910642546534623,-0.5946539397010966,-0.1475279690685492,0
2.7296762744954224,-3.905996608380456,3.9077466590906966,2.1482850914441842,-2.6492408424258795,-2.127386119051226,-1.6877407767921593,-0.7545111394067792,0
1.406231532674826,1.144432316381778,-0.024105185454288636,-0.08064387533496255,-2.571981484465589,2.7955459351899767,-0.49823779181482086,-1.1255331459359497,1
0.5246640349309135,-0.8304953855072774,-1.1528710168789384,-0.5734510168611426,0.3841143952383085,-0.4115491258296441,-0.687536981441337,0.09451656577061895,1
-1.01897408848017,1.0924175369021767,0.6995676350952926,0.6438268683557392,-0.5620437757844741,-0.32629545672966154,-0.9121363374915978,1.0581442410522117,0
-0.7285314930824329,-2.466347223049512,1.137843622662133,1.1969647952295106,0.4351018175697031,-4.513988954652447,-3.1543773123477346,-1.716591196738311,1
0.6684509322326571,1.6517510456951041,1.166618788754752,1.687087846096134,-1.2237322038328518,-1.8764623028520635,-3.416886285465163,-0.7596069988327522,0
1.3098409198849268,-1.0988222341753513,1.5784226988106136,1.2701469208873555,-0.4810328609172393,-2.0943752408482763,-1.493163099173632,-0.7528371845419303,1
1.244061023096102,-1.3206216573484988,2.122378797255417,1.3218136507959053,-0.9481395457858974,-1.417297153942533,-0.7975026293950569,-0.07172076566331938,0
0.8623314393364941,2.9830499884645563,-0.34251096041205376,0.2461006890472015,3.691457977896513,-0.8651114841756449,2.8777931953802796,-1.851865826689783,0
-0.5334823214668947,-3.2592410026901413,1.391768742088085,-0.13470024523036192,-1.074915004324768,0.5188260763302297,1.2690445266590726,0.7538814364411092,0
0.49468526850530425,-0.7091847647318043,0.9368511806748325,0.22607527293165847,-2.0223224714635353,1.2898491689363398,-0.21560435678114276,1.3019521735072137,1
0.3463565014665222,-1.0334053890497727,1.9084295341358142,1.1995750994898955,-1.4208148066148807,-1.1170108952818354,-1.3680243445459381,0.6013747997220478,1
0.8037349205035964,-0.3969559696552579,0.43322538887721485,0.30691140140774636,1.6063164679676958,-1.2957376415811959,1.1455090993506303,-0.8098014659101723,0
1.66383602076639,0.8569526923912614,0.5617367322420808,-0.06933119747661855,-2.1508943963678844,3.241792972593523,1.1995139354629356,0.47153562475124133,0
0.292406821381468,0.7146498214757535,1.8435583117862677,0.8590838516530074,-2.0518601676831256,1.4811009269521347,0.3182876755936952,-0.18447733903045024,0
2.343496837186722,-0.5757746310001054,0.30107362248939284,-0.08086765624486754,-3.806171254076709,2.9401497853596257,-1.2198199756427304,1.9207677273107142,1
1.4564647683310494,1.5425926491034931,-0.00589077420887274,0.47496285209240946,-1.9712432236173183,0.9738742828336056,-1.9621601570175962,0.4342194330541505,0
-1.6178193396089222,-0.2649835780313011,-0.920826596002223,-1.1030884733857005,1.6032841166956568,0.8326980570309903,2.466375926641314,2.379746511360397,0
1.3045482415122696,0.8943943416579804,1.193970554782018,0.5207908586256887,-1.7809391059325377,1.9344140012690048,0.6529470026437851,-2.068652750216217,0
2.007074077510884,-1.742866727298658,-1.8064964241558479,-1.133719861346959,-0.09880190484514671,0.5128037564196135,-0.495139222889754,0.9558858794611735,1
-0.1367269515029934,2.24701402018411,0.6168523728790452,1.2234674744823004,-1.369760717060094,-0.8572722245342279,-3.0482320913496115,2.0819325906542425,0
0.13195608241549606,-2.063036679098793,-0.7528111200396643,0.15268405494718593,1.75568097727708,-3.945294744585295,-2.3585493776855304,-1.9498106892157092,1
1.1459552495318048,-1.087744357900948,1.1273336539052556,0.8624972239705667,-0.8112491896383167,-1.2610446916233669,-1.332971893628398,1.0497583235667327,1
0.6006335809965233,0.7486930133816014,0.9229370384993352,0.6174430735550689,-2.9282512538811627,1.530210203992393,-1.6063650245183174,-1.8203388441365675,1
0.02865441206196606,-1.0747521254110735,0.4900170740520101,0.6813700197790943,0.459401191825585,-2.5472357383590767,-1.6992695571427876,1.905852107505039,1
1.361971645370556,-1.8852514036708834,-2.535968215124603,-1.4648892142201324,1.131350600961635,-0.36914115219261334,-0.45444470488916,0.2089866392748686,1
0.9877339728544546,-2.2364317833723857,1.0815966403047232,0.2751104749751591,0.4689186236843313,-0.9306796327042274,1.1143932931974274,0.022171939569375642,1
0.8232814816405956,-0.678807487460046,0.06914577613801187,-0.2538880095393196,-3.4549584218984846,2.4956915413943137,-1.4679132129751116,2.0242836586466666,1
1.2359083378472249,-1.3911597296329945,2.3321556349532395,1.8345751307687859,-0.563128038746177,-3.062020554677114,-2.046787146361085,-0.4971586275160312,1
-0.3957470621770467,-1.9923095403733964,1.1436229652577583,0.6730889337765122,-1.02734736301781,-1.5778797246617429,-1.7617385696285917,1.032186554899238,1
2.773082920169226,0.19893355125164813,0.95359274196653,0.819733240705203,-0.42069646217765055,-0.19870561823747557,-0.012981157888377504,1.4818182785213119,1
0.6315563110021827,-0.4735761511457056,0.13130845388710555,0.44500698587782406,0.6753015351167225,-1.7966574031048057,-0.9690140098506584,-0.2998458679873788,1
0.8338163475236795,-1.7965688474327588,-1.53020659619117,-1.1062697610444456,0.13898528532137056,0.3272239298316999,-0.1660967845871567,-0.2638593404399169,1
-0.4434151636793435,0.49905128691039025,0.6916980213953816,0.13259216318195513,0.664279139435514,0.4381049928305141,1.866483388619497,-1.5937866891687877,0
1.257632375661545,-0.6255923360541427,2.4606692167837,1.5656428699511007,-1.4383810242702562,-0.9770468397909864,-0.8588193224856315,1.2972505355319244,0
2.8979609144715948,0.7534053244486105,1.228782018164829,0.753593387585304,-3.5993059262508953,2.5165592209199827,-1.0394563132379047,-0.5632508658881198,1
1.483966882976006,0.19020525908032426,0.8264549367018723,0.5490790719958462,-1.5907566643912368,0.7605234113051218,-0.5964406754604321,1.1654289208219188,1
4.191499638915204,0.2703442655279562,2.7183401054746987,2.049948653783952,-0.34504948791115825,-1.3188056487383302,0.24398452946465254,-2.0571664475690477,1
1.2663837146509522,-1.0194246924528791,1.4914888708505099,0.6274657016100271,0.8317497021211956,-0.7462359237672349,1.8287347012054238,0.3166463276013673,0
1.6026987715847298,-1.6111111859523937,2.7106852708527533,2.171364001749246,-0.40116666141591273,-3.770274712251144,-2.2835937476523904,1.7730368728725239,1
0.8272787789859817,-0.8959819844127109,1.236469859624052,0.863979050108183,-0.7880842559326908,-1.0733562606399585,-1.0461604554090802,2.6150956460517594,1
0.09383598751626343,-3.043266081324473,-4.408124234679075,-2.875420909574196,-1.502046437438343,1.7997736291326167,-2.7293327042015356,-0.3336783705679159,1
0.197317760699818,-1.0610333960134153,1.768454125138851,1.3201906798333456,-0.7705761699976441,-2.1182202033412043,-1.7916354905121417,-0.6555066684180402,1
1.6133170277108122,-0.1423358788716257,1.2494796867899858,0.7485508512632805,1.5833937601269903,-1.162027773933565,1.9057732037182782,-1.1155481254580608,0
-0.6682730267157257,1.333528917635579,1.5641584154824177,1.0829654915696854,-2.126165223007388,0.55749293463025,-1.3293213611382337,-0.13446180237907046,0
0.13817761304622567,-1.411811382666663,-0.9579078474768832,-0.2757466621295885,0.6737147605559345,-1.7899642535455476,-1.618260553000616,0.9964553561430632,1
1.4195034115079408,0.04281957126343838,1.704618523262798,0.8848513262956145,-2.299284934622952,1.1604839042153057,-0.30410968147483675,-1.8575670154543404,0
1.4026244627360411,-1.7673770193371054,0.5897913186874362,0.6489020482933979,0.08185639100349208,-2.211678751808594,-1.4994657902459474,0.7782218895693231,1
3.1283144099331177,1.7423775498061973,-0.15232160683523,1.0861416822675316,3.576249824682782,-3.5572659685295296,0.05632464377218227,-0.361630442492872,0
-1.1008448208236645,-1.7643610416080375,1.6443445767613771,0.24582274170097648,-0.7438844304262043,0.3648952172560127,1.3022184287501255,-0.34548883015521,0
0.8081117821698962,1.2486280197751358,2.3169640737960733,1.1936021481122792,-6.287811964990298,3.8100297788573703,-2.441060993346493,0.38660487658005177,1
-0.01584335939515813,2.312636427699347,0.15432047215703415,0.1848460867603817,2.5741409165787283,-0.08947707429321883,2.875460657792508,0.7346644859186925,1
1.2517905386802286,-0.7115079803863728,0.5743140684333767,0.535579368799398,1.3828495811248878,-1.8301408566825712,0.4175814692355876,0.5893384201186546,0
2.1923787424316536,0.8274604282649821,1.1333068560606814,1.159914515861192,-1.4715865353760051,-0.2217506919349741,-1.5259452732656327,-1.1375015771853192,0
0.9128803481002661,-2.427394456702628,-2.334278947036437,-1.6081710535599216,0.037964082543639754,0.4531587892510207,-0.6462978505335502,-0.019390653611500844,1
1.4535793642272625,1.4912798567137135,-0.6089949532763455,-0.1375472868834934,-2.7033816280437786,2.4762066210061002,-1.6567819832929684,0.8311285312349721,1
2.042181698287566,-1.9292185143314116,0.7467570504546803,0.12085013819846936,2.635929677062629,-1.5269222785026133,3.018668859146448,-0.7043828994266935,0
1.6206959715677036,-0.4345070233139041,-0.568722631881514,-0.3505210210989672,-1.5529464228001055,1.2981194336781208,-0.8919123841276324,0.7648025503274098,0
0.3917044750086147,0.722839349075218,1.2813873146454704,0.42072852170380853,-2.542205405552132,2.412088930816427,0.2883751267279644,-0.736346904055464,0
2.3475701883899847,-0.28901430603708167,0.0012386218322353315,0.0011917696428929685,-0.9166601643010418,0.927662173577278,-0.01069297188710816,0.669367777618613,1
1.0893335375790671,-1.463847098726342,3.0804743050291217,1.921746116244139,-1.7392043626484766,-1.7522711802455895,-1.4364185859808243,-0.14619416381804395,1
1.1302800498614185,0.7426943548937908,1.022194476715023,0.6932564783311448,-2.200344975226442,1.18324745902829,-0.9284804743008532,0.7356023229042327,1
1.0916003873646662,-1.2015129401727658,-1.025864580235477,-0.7127986201257855,-0.2923546480372254,0.47764568737282187,-0.3202156780645137,-1.0009800719971462,1
-1.5120598684527504,-2.789023924916843,1.0733384390834373,-0.3239815164162729,-1.568976576760122,1.0102056597145723,0.7551556210133676,0.9724416978835879,0
0.21001215588410738,-1.3532091395668635,-0.26169187149518147,-0.08541331987117015,-0.35418261266532647,-0.817761154529445,-1.288140483675436,0.8220812021114953,1
-0.3375279609080206,0.6488499785250391,1.9940254589629864,0.731205504963225,-2.3647521137571834,2.0596792256604997,0.7177736060126101,0.013389584522307067,0
1.133863981644304,1.4548945523766834,0.12245770757741192,0.547367889678739,2.7300330796918977,-1.705506223793912,1.39601844011044,0.5644445346768412,0
1.698598062636557,-1.979752463549652,-2.5934667745263464,-1.3964506425833343,3.6118096857243787,-1.9549510488714987,1.0291243667709953,1.0030430362050822,1
-1.2727834775565507,-1.0387575881831805,1.6968652883439839,0.549690816031486,-2.102467839740888,0.624715762308629,-0.420835297755918,-0.38278181948005996,0
1.9276827002028658,-1.0856992544601602,-0.7074914101799594,-0.5688630642315754,-2.222744159248043,1.7903319388769252,-1.1397794654036453,0.5632073944656708,1
1.9803973630946305,0.4623445425915562,1.2716267152609149,0.7318805264468935,-1.841378450248949,1.2607729074297522,-0.03320031875648366,0.5780496209487291,0
0.5411613692144527,1.1044156849477325,1.232575896272512,1.077704744959237,-2.00256308531753,0.20826753363201334,-1.7680399523533308,1.0308866833285601,0
-0.14869386030809095,-1.7475701515644002,0.8301121634517856,0.4597549999467567,-1.1979674409770154,-0.9898366979686498,-1.6212560849938726,0.3062652707939722,1
-0.5451125438047291,-1.2236607287494345,0.4565891080159047,-0.15823580930773684,-2.3756155251659816,1.3958167140140452,-0.8486279551733782,0.5095152296964446,1
1.3655975168387138,-0.9679121651313791,-1.0994534492060115,-0.3784208570743327,0.9991632278728344,-1.1650233740128895,-0.6466136670386454,-0.29514211823721526,1
-1.4989365519871924,-4.270146719927065,-0.6304434837513713,-1.808734859624866,-0.09434456067857207,1.6310058785916945,2.5180589408927707,0.6834647971546529,0
1.741961330136455,-0.02891745569728077,3.1720205888597057,2.2571231712831596,-1.2557214967975583,-1.7707830136935314,-1.1256749899580143,0.07951611811081401,0
0.40568270943362583,-1.6132978333437924,3.452770492386371,2.423607255183632,-1.080417418294542,-3.5172333750492637,-2.307638863919752,-0.04830259753162433,1
-0.8881845548872913,-1.0180249513725235,-1.5723518930104259,-1.2867956313286353,-1.0971711636564951,1.5890410232562577,-0.6443819333186828,1.2919831322461217,1
1.3054433640917504,-0.5273536772175604,0.03971461490035355,0.17404763827129596,1.5905994177341587,-1.366579202198464,0.7546449306141079,1.8743846883454418,1
2.5232868458656332,-2.24092570315819,2.4741133880730795,1.3024746297542438,0.08568117069532785,-1.6957360401581785,0.878436663588456,-0.3370855116795995,0
0.42909496395903657,1.4299666367945925,-0.2064823197838661,-0.18730388823634828,-3.1008809252025076,3.0959007641012284,-1.1202092328789093,-1.2809555145905793,0
1.798530742740856,-0.717726609453949,2.1134270518798974,1.316725577519987,-1.225566096226294,-0.6809603336920269,-0.46695211317488683,0.581980228547306,1
0.8052125744032427,-2.479360256308119,-3.089282499691567,-1.8486100099828462,1.8661995674382619,-0.8641286167522391,-0.34543716518358736,-0.7144696340440707,1
-0.19937820876382184,-0.1348638492161428,-1.0545856560420543,-0.469149841786757,1.0676874662934084,-0.6776457451279485,-0.2047849691779804,-0.7381277393586144,1
3.024723149065457,0.31138519490386707,1.0254449656881797,0.5711392889007869,-1.5589652282786723,1.4726941954237711,0.46571264863191586,-1.40906270173764,0
0.1850075768266607,-2.920877242683451,-4.294712707814066,-2.7146672570450665,-0.05161248907058844,0.7829083368162688,-1.899334854269192,1.5694969528400358,1
2.1364031013125455,0.48137320868807343,0.6750712750407173,0.47979325885223184,-2.321889411490592,1.5470449335666976,-0.854934154473912,0.0282018120328706,0
0.7340480902132722,-1.5419275468938838,1.4018721619547199,0.9712487659719867,-0.8661387303974073,-1.637672801588518,-1.5037081906694345,-0.03878879894667283,1
0.6742418242490309,-1.010318133061366,2.7491603924205625,2.0145418425694186,-0.7674635383526759,-2.8344114894165635,-1.8242198450505154,0.7008186864621254,1
-0.2397522468604456,1.618135177722524,1.5357883169191409,1.1060311848547453,-3.631492409036224,1.555692875181879,-2.2940813665345203,-1.930832978773451,1
-0.6938488557503226,0.6298796507370401,0.052707690119793815,0.08317802826378495,-3.3903992795341527,1.8415096286864978,-2.5926031887361494,1.1562238115959793,1
1.3210003845815803,-0.29140614985239466,-0.10605736071831218,-0.33066148370257376,-1.413551706462401,1.8408557089439586,0.2939931050265885,0.25924810536795145,1
-2.1582147417475377,0.8203130633152382,-0.9159372953370808,-0.9254861566981056,1.0161131310088642,1.1897232233050006,1.7650860835335522,1.7053931804714513,0
1.996532522543979,1.18324147275551,-1.2517832624685687,-0.1887818504367157,3.7231184335980676,-1.7234543580309238,1.6723259987047854,-1.3624065920663875,0
1.5493815175065921,-1.6966680166294044,-1.968522618424554,-1.2419297110588299,0.47345079957088576,0.24194019416661106,-0.19508795751269126,-1.038625289390413,1
1.7949096130038882,0.37846798660801007,0.18962399283161635,0.24913655335510146,-0.8591295480045127,0.6739829881280672,-0.28389135611714333,0.9782421412008313,1
1.692295038251145,0.09932412917953837,1.2447169276180639,0.6015870400603883,-2.629210275167454,1.7254582351727654,-0.4778267847201134,-0.3829350468816797,1
4.020644280559617,-0.350800817454903,3.6736704019634083,2.7708059578829087,-0.5028376291405546,-2.736056206104325,-0.6886275900736734,0.49362569994418964,1
1.9913535311173391,-1.9115030297453908,-1.2781832208853048,-0.8181659727005325,1.035556465312338,-0.49216137139554617,0.3493153562592859,-1.983410801130179,0
1.6113499130177575,0.8247919918803871,1.0993806287356362,0.6022997613426155,-1.5867953841597886,1.4639802279145662,0.300901162665284,1.5316899816792806,0
0.8233605568442566,-2.146766162376184,-2.338695948174186,-1.481070442961626,0.23968286771253108,0.09792852226235294,-0.883967488663328,-0.8367256833040937,1
2.819760721941887,1.8124718641145066,2.8767914451129335,1.8651195177395912,-4.04604885909768,2.1850458676369446,-0.9698968024505163,0.017170861742750832,1
-1.0333582308087204,-1.2122514584029125,1.2465187493673522,-0.17424401643430873,-0.030307826099989367,1.2187231776973846,2.80970418513034,-1.152565344884541,0
0.7791310433677946,-2.904285774961708,1.7624641886051777,0.23303833666656776,-0.17606710762300629,-0.014421553950949129,2.0968421313149186,-0.7377017265494286,0
0.5120314017923422,1.149445810578202,1.5495328933846277,1.371021381057551,-1.5983947709202646,-0.492878429255571,-1.8016792464825049,-1.472064261980201,0
-0.5140059636292829,-1.400639342765053,0.06600566236332606,0.5740907788362846,0.7122656867577034,-3.318656730010125,-2.5523672586662176,0.2963533695702885,1
1.5360230425644734,-2.7729269309259212,2.211942136101253,1.350750723990774,-1.9572765246969597,-1.812667127459751,-2.149283232943379,0.30172397990002825,0
-0.8185050657435828,-1.2903014869929825,-0.207344962479743,-0.7021088669236727,1.0220036434146778,0.32711902112899405,1.9811800119145517,-1.911489963964948,0
0.2962537931403695,0.891218262573265,0.946799045328381,0.560981618247793,-4.345422409838942,2.5127359118327544,-2.3978886492516107,0.2913290262872363,1
0.7672236341083429,-0.3730844748787254,-0.7641121531525867,-0.5064231107826097,-1.8888833577786373,1.5146435480649596,-1.2927461750684772,0.4001762215699001,1
-0.37768832829148113,1.1971979991707133,2.6300765331489346,2.486883072907413,-1.1267817204069583,-3.084962468144374,-3.386418247437742,-1.7069197418555604,1
3.567322878998773,0.5285625854218936,2.102585318875505,0.9924207348491347,-2.349375964555719,2.349327395170873,1.2915314548997698,1.133504879312488,1
-0.7740005719212932,2.2828835262495213,0.03463581943409444,0.4141495529788249,-2.4515643109567264,1.3929126259207032,-2.344924166779758,-0.7350005218577146,0
1.7665987264518912,0.6318139030104686,0.9817590887325325,0.736754095353661,2.9394981978064822,-1.622257506260767,2.763078613271648,-0.1351992701101116,0
0.1536740641211285,-1.2168447773454019,0.0992446890159423,-0.16261795660258996,1.019915754585383,-0.6869094251317588,1.0174909708818158,-0.45432716162022396,0
0.6625500095295267,-0.4940689189667249,0.853829023999056,0.34403224275115546,-1.5019470523945913,0.7095220532546698,-0.32860775429753974,0.25979121373303543,1
1.1176801454752419,-0.21951886391883535,-0.03796716250893062,-0.03508105967231108,-0.779129836413179,0.6254353127925691,-0.2630118915785792,-1.419375713281529,1
0.11359713529139881,1.0424117787618836,1.3950929501885505,1.1190071854948358,-2.112280781875482,0.1988820736837461,-1.7828492707826729,1.4280285754149933,0
4.076352607736149,-0.3474427955182331,1.5211218366740713,1.057302453683033,-1.3202153201900926,0.2762192011302631,-0.010818486164368757,1.3679773862088085,0
-0.2570681675495592,1.7279300693763686,0.348414711155567,0.6559055952887981,-2.6055537838053002,0.8731705622013626,-2.7422344683285695,0.1383278784187277,0
3.0260014309688796,-0.7090885830318597,2.296773288212138,1.4917647950068473,-1.1515036466455644,-0.685602200910405,-0.19409867188216434,-0.7294041692324267,1
-0.014998511124520997,0.1843372123417404,1.177978604758239,0.48054164773628627,0.8000326314356732,-0.18952947238395468,1.8105763107101822,-1.2677654057349614,0
2.0187362659959542,-0.09452798212015256,-0.8277268741102441,-0.0645409715939419,3.6427183941909713,-2.392422853158193,1.4918689598504027,-1.1567116700193505,0
2.7383988549439406,0.08853004063424352,1.032614629897656,1.0563096244885644,2.5217219831705817,-2.5009949594348737,1.3563900235041224,1.195459083117927,0
2.6203323882014242,0.5847578814945766,0.8997519537166041,0.6265275793849449,-1.4878131743324114,1.1557411214314566,-0.011682948735880161,1.4363390504681712,0
0.16428574583163835,-2.5793425149473412,1.16065385585394,0.005849350190316098,-0.6900295223841705,0.20393851914384054,1.0382141181597413,-0.5476405192864955,1
1.6188406842139322,0.7057269416039078,1.7305928460595372,1.4080841217037126,-1.2052230660013368,-0.5715184010322683,-1.0517873646367568,-0.6283937215315383,0
2.799080241724489,-1.2348424110514624,-0.4198490685425882,-0.3620866831773529,-1.0977932526172671,1.0655887190450344,-0.1630698698122438,-0.3084259700139943,1
1.9478717719290217,-1.9832507188769228,-1.5968507170766482,-1.0270629772627962,0.8801327319373492,-0.24186250634349182,0.18765213094782096,-0.07260900641547184,0
-0.48787744373875275,-1.5952688188270852,-0.1347422720744076,-0.8257393602911043,1.6552484850430058,0.3793962566925593,3.069787930067055,2.0980231256334525,0
-0.07299654375910425,0.9708145599148926,1.1900622163214143,0.2596619851413438,-2.605323883877064,2.8933061253815446,0.6205879325293637,1.3124298601860054,1
0.3043807020051428,1.7348100755092726,-0.037658939306274064,0.04650619050318776,-2.330495543374641,2.3456261530042726,-0.9137539002720453,0.708308049944216,0
1.054737323894518,1.0853221048228314,1.2736872117749916,0.905070273493263,-1.3108342067868655,0.602006760550372,-0.2959015761402882,-0.7219551358466733,1
2.899712928358241,-2.807268678923662,1.933507881442723,1.1100524444834248,0.015138431595644408,-2.0993315899633993,0.013767820100374362,-1.6612205052857028,0
0.36102643354205544,1.9561308002922282,-0.5513548795556873,-0.07807859527770084,-2.7732034160561487,2.4276550122363236,-1.9201664260670874,-2.5208475054593125,1
1.3719538518517176,-0.4018216038153519,-0.4713555283462907,-0.45127326924387573,-0.8630766873306165,1.3609243953785248,0.19742040321255372,-1.0644373756811236,0
0.4015527845825144,-0.770102520541297,-1.2863172490927157,-0.7273512817027283,0.19179695613204706,0.014584291829797591,-0.5724776471130701,1.1579963845176817,1
-0.42591737594173895,1.799084829730857,1.522254667246337,1.9231786696031332,-1.3683837934857102,-2.2689533439512988,-3.8511552090044803,-0.8249966914691373,0
-0.14065942913410567,-1.6538172351573768,0.006615582170307888,-0.012560183590695242,-0.6605733820768647,-0.8256845962610866,-1.4101086301750976,-1.2890283284710249,1
0.672222744337557,0.09606894173550784,1.0095871335268836,0.43906285840437026,1.2315610006253457,-0.39237469700256544,2.05615853106916,1.2037834298281387,0
-0.2021796015316879,1.091814119690124,2.1634296752762845,1.7393624916375638,-1.737124993027901,-0.9952543339803333,-2.07394644629385,1.3618558148450435,0
0.9548057711656003,1.3431736567202677,0.4839850212642125,0.1368212908215762,-2.032565870302266,2.5392939141840993,0.29588832194541226,-0.18728648780628257,0
-0.015136197030828802,-1.1131063313410916,-0.4149834349090278,-0.8615791949207473,2.330367197319361,0.21848064030851266,3.433881006614378,-0.04207745708070076,0
0.49056490934108243,1.2042263686572934,1.9412237875317548,1.7624312180162631,-1.1414863977245884,-1.4288931061897987,-1.9845936610529686,-2.140208164366854,0
2.803368184062515,-1.2841225227880404,-0.7299000527438035,-0.6199178510417794,-0.8799889390020451,1.3226911969148447,0.1969867636993594,-1.5255022753600356,0
1.366150420323347,-3.0464356070186307,2.1238553138604646,0.8978272744536115,-1.0887039274457,-1.146069118323474,-0.15515511409938187,0.8834476124929843,0
1.9849524836470356,-0.05949404496373678,0.7091000496691204,0.35183380201379555,-2.6884554402731586,1.7805528985352668,-0.8930580560036434,-1.5455063611821722,1
1.178605174647307,1.0103109365364167,1.1088612378597165,0.9712461858109398,-1.7085336589305538,0.33778349065833235,-1.2734623006214878,0.6276760299425005,0
3.0116386582266683,0.2537666192895418,0.8660797578566661,0.7126710213684884,-1.9078235587448604,0.9165139940085313,-0.7986744387192868,1.4512716363656706,0
0.4110814171682762,1.5241751652255806,0.1911629666000738,0.6631215927054614,-2.5453885887690197,0.632999715774778,-3.0079445678571433,-0.8876472237478048,0
-1.4767276292810068,-1.3034513287930016,0.5976894355879714,-0.731214249320913,0.7410018650657283,1.530623760513366,3.7118689515536074,-3.1299538795791406,0
2.4956842213171733,1.9418131229219187,1.606561339998729,1.9743796276783407,1.107500768337833,-2.701425438441193,-0.8870256024089909,2.415247058024446,0
1.1828973848925555,0.8960055508064017,1.033703641793103,0.6188625567702025,-2.0007314885363137,1.4644563809642785,-0.35116234261711643,-1.4750561216824525,0
0.9640895900023517,-0.24798021779171509,1.0016594416646696,0.5022641041567741,0.9078371280467005,-0.6068394466696072,1.4545587012725014,-0.36600377926079763,1
-0.9774433677595835,-1.7736394556560073,-0.18696767841106632,-0.6972693473340534,0.4390810132697194,0.25627944924990276,1.2522910231121247,-1.3717259944384648,0
-1.0110309143792726,-1.6811376763365682,2.3531622310399465,0.48118914771400695,-1.840890738911909,1.2657150318427122,1.4556204046802381,-0.24901317794141417,0
2.0285309234976032,0.15099911843681424,0.217536853703844,0.19387159314352828,-1.9773754466943367,1.3862626525071091,-0.8673732011949943,0.12386679409414207,1
0.13154156669557093,-0.5909083161425448,-1.0035276374328503,-0.521887050202801,1.070503637061862,-0.6665460260374536,-0.004213890976161094,-0.7722938235935245,1
2.8154339321956554,-0.8646094328477107,0.24076137911474538,-0.05638790872391455,-2.847716979983164,2.193944445894921,-0.7582393408749638,-0.5218215478689907,1
-1.7707841196445266,2.8276311047199094,-0.7797041421209558,-0.1610662615507975,-3.228866967247362,2.64326102412788,-2.7770469200073924,0.6526929410518885,0
2.3719497845635886,0.7047953505050852,1.0033192167093665,0.9544557593920013,-1.6665656197445795,0.3339722051656182,-1.196314031628068,-0.5685187662755197,0
-0.5522114459675047,-1.4935125263412443,-1.1565969322049758,-0.5554919826568189,0.3017439064243236,-1.2080914715788984,-1.5873764661330827,-2.1995505941581306,1
0.34735820563114084,-1.1043436753226834,-2.5494871039845046,-1.4457717374715024,0.22712237029490362,0.30021775193813693,-1.1513337268942274,2.154988471777461,1
-0.7092314935367072,-2.0147533584232082,2.3031939983064564,0.6284477787937499,-1.680413285579691,0.4696848134341589,0.7813709633073952,1.092564713927928,0
3.9336241654080335,0.30513858831627805,2.137203574699477,1.3201749227803115,-1.4121715710972287,0.7681203156793595,0.7801715312830737,-0.042439529243997076,1
3.713525462292411,0.4218524113594526,-0.26109683045918386,0.6755692714399019,4.026782934683121,-3.3794125957537715,1.1945836205374891,-0.4027656546334355,0
1.0455291203107782,1.7730992738459883,-0.6301587164359161,-0.32172771283877816,-2.5649465586190914,3.068155081723549,-0.8646680598004527,0.16316000490736135,1
-0.09044493950727062,-0.49074652364072413,-0.5882940666166789,-0.5965141257334374,-1.180693562376045,1.3674667110638974,-0.3322513217722398,-0.34439254755423926,1
1.8995146221535655,-2.2034795420131705,0.6496622775981833,0.3967235001301795,1.1900367625985897,-2.0512284759329624,0.40143010524576594,0.42124058158932115,1
-0.22655859305067172,0.5592454405172653,0.8258063752727614,0.24707237011928596,1.654825441892934,-0.16431305592237067,2.601633625349315,-0.2198691214618203,0
1.3146559987433686,-0.6284040671186872,1.259994051563021,0.5864860992872709,-1.6185257936317559,0.6391112376033743,-0.17753716100580064,-0.7267025045932498,1
1.7865356159312955,0.3310528623182577,1.6204458577554028,1.0996293271563742,-1.9497813401482222,0.45718623932569824,-0.8175701960693742,-0.3941754601431321,0
-0.805838932026165,-1.5279991953569918,0.07447652296311646,0.28617253684045446,0.2045663774384347,-2.263337405947003,-1.9427514960134353,0.8161151023212716,1
1.842742810883144,-0.5881171604067512,0.5838416752353582,0.38263821777143314,2.012681821292264,-1.390347252019456,1.7932351569995375,-0.044561507895980755,0
0.34900582307844463,0.8925589478986304,1.0796525065276008,0.2134824543913681,-2.486353218530594,2.886504169740439,0.7136639914705538,-0.7283988593069353,0
1.7111480211289782,-1.1350784515756998,-0.005581925502136764,0.015411123973339992,-0.23194869695195564,-0.2725330298435886,-0.2833597691291124,0.6040696378667981,1
2.944643070498363,-1.8867351635267817,-1.4818133894082481,-0.8368482138518843,1.3540048597723973,-0.6059587222823168,0.4891465587194057,0.20920009699683406,1
2.8375547547945295,-1.0622829886488971,2.7896995179590593,2.2436065678126305,-1.273192390821679,-2.6991291562766753,-2.2627768861443456,-0.5037882723596604,0
1.7526744745721243,-0.09719113367320686,0.26162751105936244,0.28743852956191657,0.14608179729203558,-0.23012871786018851,0.20847610619843637,1.6197683743861162,1
0.4120822393818704,1.1416056215377213,0.9780885953748959,0.6449819073643779,-2.231160716592469,1.3807702025493331,-0.902034945192119,0.04060834047851295,0
0.5938871616726704,0.5915754443771699,0.025976941898530725,0.2705496238404534,-0.44814035088641313,-0.029424293638670385,-0.7895526349111754,-1.5164265314594796,1
1.1789777487771378,1.1830351099987033,0.0763083548150445,-0.1060332728657724,-2.659296601535447,3.033185455562684,-0.26363376470127886,1.1689506092386002,1
2.017000283974939,-2.5319474378471236,-2.8122886614155975,-1.6646964170640588,2.0475135149449644,-0.8685249820860876,0.1715589112915603,1.0487896195376318,1
-0.6109453524922257,-2.729225864554454,-2.8824879281344202,-2.078630167685925,-1.4117561916342571,1.3394877098739977,-1.9753949855740998,-0.24033593306205742,1
1.5501807172696875,-1.993182952757523,-2.0349933796801025,-1.5280615065785024,-2.3304221365590947,2.351757146842215,-1.4763942051739407,-2.006657821706258,1
0.09665618038593493,1.579525327710233,1.1157099617934545,1.2059736761439397,-1.6752158598110998,-0.3376237459262734,-2.221435192387907,-0.9144736667332525,0
4.012304472429103,-0.04494993366980338,1.4072223646278081,1.6986758252824652,1.8249684296292035,-3.4554914550937688,-0.36445436651563345,-0.545922977161724,0
1.80498760682871,-0.9449947326335794,2.659494556363241,1.9562158759910069,-0.4339382079188118,-2.5837200169969323,-1.1380729574072712,-0.34895169536380777,1
-1.4634763086928908,1.91844430120137,0.9422764977931015,0.6028060062818887,-0.24984103820835912,0.46001157767278245,0.41443102776551355,-0.4994753875566342,0
-0.37366923738425295,2.241033959125188,0.8581063016199454,1.307885060500074,-1.3266695990442114,-0.8830293170672947,-2.8192121092344546,-0.47249510065712313,0
1.0855210195643306,-3.94304631233686,2.2868056079381995,0.6060605748313661,-1.4513224578107151,-0.48099949993642965,0.5409737623432394,-1.0461413358497142,0
2.796408556382432,-0.3529986203122213,1.800171250024383,0.8704716276213016,-1.9011107441719346,1.2359579572882862,0.5568219790861999,-0.24928695236398765,0
1.069764222459593,-0.01786964861184337,-0.14051283681976856,0.17735363653163766,1.6469720795482425,-1.3660217470341558,0.5263639779934454,-0.8209012677317049,1
0.21341993387070946,-0.8954937226936918,-1.2188628525442917,-0.7994111163416282,-1.6719484670963998,1.1862596458079429,-1.6316984416223927,0.5524067489914696,1
0.22592644792301908,1.4736970551548059,1.3681712888747053,1.674628512369354,-1.6435999573962798,-1.5769961380403164,-3.4195054357654793,-0.6481349530164521,0
-0.25475885098876616,-1.6138774233963078,-2.1860929337413446,-0.8738111942142285,1.8935392770503123,-2.473473614771577,-1.752254113434621,-0.2979411685406125,1
0.7244604692668389,0.8999378149282562,1.347745840214094,1.0170602260502288,-2.050639204911707,0.5030132282931208,-1.3191517268622783,-0.46833322697771046,0
1.2712322143835242,-1.2106681442063314,-0.3550290151386357,-0.6737855113181899,-4.7897657791718755,3.7178839287438805,-2.024552913084008,1.3629112545654047,1
2.9006581256801787,0.7093680212125169,0.7557027835552684,0.5233071732860278,-0.6723212062847064,1.0283398660575358,0.8011895927858688,1.3345269444437768,1
2.7222796119860893,-1.085515616737326,-0.6029292373065613,-0.4320127642681387,-0.3420939184643132,0.7220778750013449,0.26093579028313574,0.8487772930833428,1
1.0140089992558414,-0.4193052941628833,-0.25643669443261186,-0.1742694946605944,-1.2465117303967994,0.8449982078560729,-0.768478457259844,-0.31729294080384746,1
0.20268441055280884,1.485660794047105,0.8564273546327452,0.8083660116317463,-2.1394660805533117,0.80789216284989,-1.6720042418050265,-0.0757177939160302,0
0.686796071685556,-0.8712710090550176,0.98521383856923,0.3947273794911245,0.26794810265373603,-0.46336561200576554,0.912441233043872,0.6947097219530834,0
1.6262768210693457,-2.052435559159641,0.7675462927261663,1.098710888081365,1.0883715731025978,-4.110542538108365,-2.1610787825217432,-1.0965677477327311,1
1.3635167572402478,-1.1746515393095196,-1.714985235697207,-0.9788002816156459,0.5995438110771903,-0.00640005689978107,-0.26285110660560496,-1.7011081298989588,1
0.022597818178526352,-1.8066926325860477,2.0020056644341695,0.922727857876504,-2.410539344144818,-0.19444956032304306,-1.318402168721035,-1.0536841015056466,1
3.2000780892675027,-1.678771832637545,-0.6948271014907754,-0.7102336005530703,-1.6718539577979379,1.9148898145942999,-0.02475375173813632,0.6415395822564115,1
2.280289827703505,-2.2381996933167976,0.5255733360286414,0.37089974560608985,0.9901802402060836,-1.9573971231045573,0.1529278415786468,0.4716871295182228,0
0.20102691237337533,-1.521913889410051,0.06718986081494671,-0.42007334347717806,1.22543925398502,-0.19767930370905962,1.9501380666953203,-1.368741630640614,0
1.8376299851408415,0.4862267815111886,1.5960917991717065,1.308562386075559,-1.5323631180136623,-0.36033460116738825,-1.2918189079207762,0.7674259836427305,0
1.276474364202032,0.6436016558414691,1.9903257420869993,1.5372558459992685,-1.382840347285372,-0.6718952731059396,-1.1851256403335126,0.4000291593887464,0
-0.671244715617527,1.7634003056498244,0.5583384943329459,0.6457112684198097,-2.4972721133197022,1.0603339643762069,-2.210264965988343,-0.739996262589537,0
1.5532891368265562,-0.6395996105082323,1.0534974732173645,0.7308813668055073,0.8438950380992838,-1.3685910857116066,0.6224101559709974,0.46997277969034423,0
-0.747168460923973,-2.861938791215973,-3.798098992502485,-2.536356662602905,0.05697201107240377,0.6315251549159808,-1.5484971900463318,0.2893470613534592,1
1.1481007341302059,-2.423206695633514,0.08559536512401777,-0.2968703104182851,1.3785458871186178,-1.0392504396654325,1.448082382252792,-0.49433803707390117,1
-0.8560088458949662,-2.228708808289406,-2.9659565229803566,-1.839988363883876,0.9951195062457702,-0.541832450708128,-1.1555274289750739,0.4675942157567368,1
0.7737654480006532,1.1770515939465547,-0.2886595641152945,-0.4974443990357557,-3.122555572741454,3.9267373817708577,-0.14065393697947592,1.015933354129817,0
0.010381793091850833,1.6285772183797853,0.12011750861936654,-0.07413822703678352,-2.4661851851925003,2.882417521244488,-0.29668247314788443,0.18400823543715944,0
2.7523132851955405,-1.4473293073135496,2.2210181382309644,1.929122567312584,0.38143933196132285,-3.6466076523153466,-1.5004638999531363,0.08172177268952366,1
3.3856086420199722,-0.6469511765648833,-1.5214574414945288,-0.6581029425407511,5.075347997265354,-2.197301502136682,3.294161107432176,-1.83993435854105,0
1.4417268611702072,-0.3383937111645764,1.6262591311585004,1.178985929395898,-0.6817594522263056,-1.0384122589609717,-0.6802035522443967,-2.4184203963761766,1
3.356880285794353,-0.9216081180065139,-0.2820746900196188,-0.30542930251753725,-1.8957692624041458,1.8756865393511792,-0.24899092805296474,-0.048831515868632956,1
0.5903325316056343,0.3302825125728073,0.8933032129706675,0.4942726183097569,-2.21989204948013,1.2187012339479377,-0.9115193147648784,0.7856998388058253,1
1.9125560889992488,-1.2240446022783913,-0.7967134679771198,-0.5704599924794259,-1.6868262061070605,1.2827404146052592,-1.049425789860474,-0.48653630089472705,1
1.2291653077842912,-0.6432745135083568,1.3703672122648367,0.8343136636113095,-1.141755340468439,-0.30476268338050405,-0.561182787012396,-0.356241745017732,1
-1.617258264714113,-2.4166728983449515,0.024553117549830028,0.05011760700878981,-0.36348224875886936,-2.1211122594443843,-2.349000946629539,-0.5238569251803119,1
3.4197068301422626,0.49630247850062315,3.101473245568064,2.021440204335355,-1.6186541974778261,-0.06000766398846158,0.25089073964196906,-2.224743043400329,1
0.18655161838125267,-2.1890883682063347,-2.3666590775121534,-1.7198765440805766,-1.2803910149002453,1.4361539407005859,-1.3857257886777212,-2.886260873644869,1
-0.5760146615385733,1.605343817350418,0.7936138161718267,0.3214331218308583,1.3802082619196718,0.3407222261368843,2.4907336544025593,0.3646973618054921,0
1.4716828171229608,0.8669581025835549,2.047945808934074,1.6991336531213375,-0.8713093690303885,-1.177380085618251,-1.1034332681583137,0.3935610599217666,0
2.0701101416551877,-0.328126432427547,0.1861018954352741,0.3441927024540762,2.4198729298813455,-1.797668993704458,1.4548979568690492,0.9324554611130443,0
-0.3042982758248449,-0.29800725378872395,0.6118358484113937,-0.28981828233211304,2.0120158180599144,0.47517536039167396,3.928371164280912,-0.40677735143107824,0
3.4542070021007727,-0.4129636832045409,3.304971809610148,2.132450289077105,-1.5555590262525716,-0.8092874174834153,-0.12327940093346434,0.05167373655439475,1
0.5938407488048858,1.884247737740774,0.4361353336598419,0.8593157561112418,-1.5729029072644292,0.13482715758276798,-2.1672775125779156,0.9159217344719783,0
1.0378954066568107,-0.8203972270139481,1.142195269839731,0.47965031788076645,1.2361537663849396,-0.893096044563867,1.8490567659825294,-1.7625595251250796,0
1.9727373602349818,-0.4533027935486633,0.5635029457970799,0.20711711684491654,-2.6927540537987706,1.765760256499879,-0.9245626418739885,1.820755580512153,1
2.4304562435312986,-0.401064869586899,0.7897722099775575,0.7260618922874202,0.09056838535807224,-0.9187559254063585,-0.14584220318591268,0.06948455408001852,1
0.48907654530996736,-1.0108922862087508,0.2214398919660442,-0.10264276750009106,1.4205147179106434,-0.6791075688226218,1.6258725762672963,0.5550526427663336,0
0.45860717329492595,-0.3195518883199232,-0.2935189968771066,-0.21128704706982002,-1.7981864079042318,1.1204564166658166,-1.2659794849448063,-0.82364776355079,1
-0.6939445210270629,-0.27684398445761893,1.221350690237883,0.4338837602106571,-0.542795379952447,0.21261796565270585,0.6099931904456465,0.5430273171821606,0
2.4892658418114744,1.0037414768476582,-0.4306597401124823,-0.3965264990225645,-2.273726169480035,3.2989259185377318,0.2346777248691343,-0.7178688201413749,0
0.581727922100531,-1.6739882880743124,1.018354003107499,0.9526846143342778,0.1751575807833177,-2.8102827077820587,-1.7720090291386912,-1.2563557609647058,1
-0.9295149541918779,1.6075633631907942,0.4791269357879908,0.1559531379235258,-2.8408624419330346,2.5579747286352985,-0.9094619363260686,0.8821685483421771,0
0.9683967220544497,-1.8205203463250315,-1.1925523618619753,-1.1314557735175619,-3.3515430450696693,2.7493525498686306,-1.7499273136944993,0.6874665826477059,1
0.1600585335413045,1.2612259916309134,0.9519713255534724,0.8069864131856503,0.8714862265641431,-0.8064274567897075,0.6647379935529438,0.22669690270804432,0
-0.05642076468416568,1.7206119135209492,-0.3626248718171914,-0.6637587398545215,-2.9443014559951672,4.432974259433781,0.47341525103307025,-0.6629638080431679,0
0.3168275411773285,-1.3456086616187308,0.4499097583950338,0.18706628939478614,-1.27729477380372,-0.17612130733155495,-1.1826205998931063,0.4528695546709249,1
-0.08461121247036218,-1.705438053163264,0.2533978426114669,0.25181837284969966,-0.3614960212943992,-1.5221712409065193,-1.6115548338847434,-0.11214840447779328,1
2.2073794109637843,-0.2937484887366295,-0.9267666141133137,-0.14311402584983748,3.5833154127127855,-2.334145547110755,1.458848204798596,0.8250709650931426,1
-0.8126094598199747,-2.004319736909357,-1.0138101110996285,-0.44596734935342847,0.4419835262838185,-1.8768327556634965,-1.932964899124447,-2.2702034177141317,1
-0.38133312295520994,-2.8432127008304935,1.7823561449909295,0.07189783590563222,-0.9267305256968372,0.6598261225187354,1.8527114487442182,-0.7224692929269884,1
0.22880961579736359,1.4387828135762772,0.6128270331415286,0.6020157597325807,-2.367859768928802,1.232897343748475,-1.666431276326302,-0.26018682860652964,0
0.5478016076066696,-2.0122714353315727,-0.4490781218191171,-0.07091097642001806,0.27510340756376167,-1.8426154076609014,-1.6141877729861782,-0.10676240102019081,1
0.9165133091396609,-0.08105049721701718,0.43375850845211017,0.10050612590643943,-1.452743839788155,1.2513571961108916,-0.08131820327288442,0.9720640013785972,0
1.395055854415607,-1.6545435063215805,-1.8422538141029174,-1.191346469524542,-1.1724035451935062,1.10850857970532,-1.3205783139679186,1.50075812651269,1
1.6361441321017716,-0.7341470500159082,-0.8306719636021966,-0.7203925107343957,-3.9167235968925858,3.1744388090779756,-2.0139437838770804,1.3915551612820687,1
1.3677530154381006,-1.502365882287864,0.6978763708567097,0.30675047449216014,1.3396954499369824,-1.4104803515737871,1.20081164911378,1.0832877520681556,0
2.5028388903312146,0.49899176901167863,1.4384864920216671,1.305966584745387,-1.2605977634828118,-0.5256545689607941,-1.2412313946367803,-0.3734570230019829,0
0.9160768389322766,-0.9762807194508148,-1.2255045188189202,-0.28959564866109194,1.1485664957304664,-1.848228457343754,-1.3751399551540806,1.319969132880531,1
2.306952091111649,-0.4686763213683732,1.6148197665361343,1.0244362026421368,-1.2363808430381156,-0.10579607690655579,-0.2751824434694776,-1.8052077590174351,1
3.166628857116329,0.02601309670165497,0.8543204171763116,0.10086407323948285,-1.9199842362289758,2.8025103834734755,1.5093661638608347,0.368255495539867,0
-1.547639337292246,0.2960263431226229,0.14550573825346746,-0.47857649808989994,0.3977156318600854,1.3568321995167074,2.1801693289195176,-1.5606174729702442,0
0.9955892916661685,0.7078260964418479,1.0077955167949268,0.8587524335613083,-2.4201186751932915,0.6701969562547374,-1.8506468830198979,-0.5700426322495684,0
1.4673606113474058,-0.10468430517390548,1.7797107476854825,0.8947646720034025,-2.555482746604939,1.2777444674205773,-0.40706289353426295,0.8202665561623614,0
-0.5691704539018434,-1.6917417264687598,0.9217159055392,-0.14493754445821322,-0.23184559868145813,0.54898751471037,1.6043891614949894,-0.334195827116742,0
2.0388670721708726,-1.3837083929137557,-1.2154262033617507,-0.8853665186263513,-2.2266289082595327,1.9256272841724495,-1.3222134038546416,-1.2002462754208514,1
0.0326662484847825,-1.3112522945855283,0.9734277831802741,-0.17694200366348978,1.4577819975568163,0.2806144805883515,3.543710300934378,-1.1857081123196533,0
0.6623210549681777,0.6741826897364699,1.4341531123153728,1.0359799753248011,-2.3779359587724174,0.5574403412859525,-1.5647777925766118,0.571888037115967,0
-0.1610896247022453,-1.0899323572736075,-1.2359612181900284,-0.9003735079970384,-2.863672044728853,1.8773286960831488,-2.4012647238175893,-1.2421065489267964,1
-0.91077021730709,0.37912872953551924,1.58829208386685,0.4877607068679793,0.04486986487155379,0.6609583966543497,2.0678524900658575,1.4271798775518294,0
0.8879883339314263,-2.7965481028230745,1.1287925286441163,-0.06835297113662848,1.130469253528619,-0.5079821347429001,2.7313710132203335,0.17037745112407351,0
0.0799891923855357,-0.971838560104372,1.1181124122233344,0.46164534868144996,-1.8487464369822393,0.3779760155046765,-0.8507314631335429,0.7753158302916758,1
2.0704150774374295,-3.255844824506526,0.46836688243528146,-0.3171794490998564,1.914608416166851,-1.045113924534277,2.762058913035432,1.0065838650766137,0
