f0,f1,f2,f3,f4,f5,f6,f7,outcome
2.119920510979604,1.9358619166742534,-0.9635239365475432,2.507594161053526,-3.4263245812982426,-0.7944054695068832,1.1344627702466594,-0.24444648653361822,1
2.0738576944486997,0.708489626637518,-0.6123061104749021,-1.3376048613173281,3.356834786818587,-3.5433501979225492,2.9836566705143315,-3.2516826228977957,0
-1.1516940438626473,-2.3768492267787042,-0.27610135347124853,-4.28099223292728,7.607176366341458,0.565009292948929,1.6821370404226716,-3.4216897260685855,0
1.951972141114171,0.8629314164532063,1.3858890124292493,1.2615831305393401,-2.9182236600709826,0.24366937185829407,0.34105356353446287,1.118204142740644,1
1.6167312818440873,1.1948559831554737,-0.6853346216290547,-0.6272940047971745,-1.760186754989891,-0.8308166633779882,-0.2802908989940984,1.9697517617401057,1
0.21294031445952055,0.27231286396466414,-1.34034416285692,-1.2962271320069638,2.7772154718212687,-1.516702341977877,1.4064032635829917,-2.141911455100498,0
-0.2812761447393286,-0.7727104005774807,-1.455846055569948,0.8316386162678635,-2.1608516947450407,2.010468979365368,-1.3699276184195313,2.0964504815168468,1
1.2375965878766753,1.8454869173170394,1.302344025521959,-1.3660165976552063,-0.8842481229642528,-0.022217045524419388,0.21983224498480183,0.9701640532858369,0
0.14967364759250368,1.9807828650130892,0.8260201867460294,0.6576631046373946,-2.711143023175656,1.6493347876910356,-0.3257671263083459,0.8326246508415803,1
3.169948521525636,3.149461872174257,0.20459604171765977,2.063726002058546,-2.855244913878007,-3.3583476408200514,2.0817770043643997,-1.015362081063175,0
0.37998061236737746,3.167316539124364,1.3759557005530416,-1.278893691838832,-2.050254354763972,2.754060970161304,0.013985912026590094,0.8304903972361404,1
2.8889790754613203,2.5503421564858617,1.7528994159409403,0.1496499576531607,-2.0904226689047016,-0.7804725682861435,1.6103812338929337,-0.06083135236106618,0
2.5471427952731407,-1.2520706062549887,-0.40682292657714436,-2.562594774207109,1.4451072210954967,-1.6506393338840577,0.4178154025906098,1.693168957123425,1
-0.48101204150540866,2.0233701835114797,-0.8492765010706286,0.29887638885943346,-1.0026269405100416,-0.2133291244924823,-0.04850229257957151,-0.3325107042969737,1
1.252149222712097,2.609844260120653,-1.6450140551556596,0.6309558409346026,-2.1546066355608797,0.7969819726116194,1.0621612807451408,-0.5355600259256728,1
-0.08432503619401066,1.3570719655117947,1.901088346013805,0.4471918850442834,-0.8754425564778501,-0.7190122633391054,-0.007474599038100174,-0.1284846194570506,1
3.895883015654252,0.9682232650185892,0.43579950849894994,-1.7301171058238918,2.9904145681792538,-1.9193002813514997,4.339987609202432,-3.6609700985431117,1
-1.2491986167748674,-0.19312280521214853,-0.3223839966679666,0.4888730108119611,-0.9547315746169648,-0.18458175267841748,-1.5750910190981762,1.4180109116729178,0
1.137790865093642,1.3487130124498408,-2.1623939176064186,-2.218445265071163,0.15228131787874033,-1.3043924771996942,-0.11608239919747533,1.3965759613539102,1
1.7206022187520111,0.819431198319555,1.3294588395125169,-1.0058899875788514,-0.38659381499399126,2.351195413067108,1.326598284114989,-0.297453850065877,0
0.6534660510840709,2.279364151597507,0.05602623848532877,-1.0189066060175436,-1.7643729470053973,-1.203760858875834,-0.8184011436817912,2.042495276428726,1
0.373122786226446,-0.11453773163198933,-0.5148319120255482,0.3759880061215142,-1.1619213395318653,1.7664004596206295,-0.06064868889910953,0.5567741447213956,1
0.43300436457581803,1.02690291553923,-0.3735230568265651,2.906016560199464,-3.458136448646913,-0.03118285909041041,-0.17333188125909813,0.4011140634970095,1
1.8646176206346448,3.466545048466744,-0.673813452901771,0.12658246302175513,-4.449788862887795,0.6196662689698855,-0.3542021335275087,2.4532429564264304,0
-0.019633201669919664,0.4771486729852398,0.3472290299288827,1.2642675072857128,-1.1352252627130124,0.07574508080683606,0.11648616722422375,-0.3249655765551025,1
0.42169512156707867,1.6927956484205267,-1.312540737423602,2.673735708752816,-1.3377860094793381,-0.5879174773912552,1.648835505002654,-2.650712018670103,0
1.8039693223031885,-0.6202409536492841,-1.226603082990214,-2.1121707204649223,1.5206383343776093,-1.5054919978782402,0.569302807864832,0.754249013786121,1
1.3169503300091152,1.9776637747286752,0.28308535912373445,0.6942272550889833,-1.8231682426236093,0.7521038572093518,1.1023736381798166,-0.5782762011050755,1
-0.5265396324171334,0.8625658281818378,0.6695341746958328,1.9444421466332436,-2.4378510254431944,-2.7656356013783654,-1.4465667630757093,1.502518806571472,0
2.854451978368774,1.601401924748624,-0.05926721814830411,-1.0936895598026932,0.3551874359826872,-0.74334953644838,2.3628923087679,-1.2442511998144008,0
2.4963392443471557,-0.40360648609461003,-0.2171160005850689,0.6856562310474332,-4.016449559394209,-0.6090467703909631,-1.4054176290984053,4.4632106664109745,0
-0.00024184660220383236,1.1892889892486007,-0.5698769496980741,0.23259091513881136,-2.0041740718433787,2.0477539902869046,-0.4196138088434599,0.9068046634788428,1
0.03409847535148147,1.449560884573246,-0.5122180563076122,-1.0227541756765275,0.4144644361542615,-1.0876690041593162,0.1592261017971637,-0.16992609167156902,1
0.39631140303833823,1.5402828343344908,0.6177164317738633,-0.9368239437602062,0.07677624005428907,1.0196001287329168,0.7852503707175534,-0.6983125940522614,0
-0.1700006802549554,2.5724569509051287,0.4624513145009706,-0.9358583999463891,-0.9383893489955877,-0.8294141547153423,-0.4482350791396459,0.7143651002921341,1
1.8267311657490382,2.4562528525923053,0.34984154822043956,-0.3990219434815707,-2.4111400926347155,1.356665546995744,0.6698644545906045,0.7977257966693936,1
1.3347645909453005,0.6378032478572211,-0.0467599902767297,-1.0825653875510972,1.6251146275318715,-1.085873279493802,1.7178743644060288,-1.6144324998284163,0
0.3020314222120417,2.247430967494398,-0.8615231441640859,-0.2910669165013964,-0.5449838639383083,-0.7432876369847665,0.5222154290082063,-0.5509771637167722,0
-0.38697119905869015,0.734734140810231,0.7391006499248729,-0.5470284099335474,0.09915918810026092,-0.05845801421336683,-0.21286519960989775,0.08551736925499487,0
2.5554686824866977,-0.01589423544071278,1.7851673874006393,-0.633428942070607,-1.6623437731139417,-0.8413716960865829,-0.10355496466549195,2.4810367557490123,1
1.6772388168176995,1.9063097950845243,1.7385738671764634,0.02711625629377945,-1.0338688142980865,-1.2920614093923712,1.0491196578968351,-0.2807011505958822,0
0.31291007139898186,1.0897238664789208,1.5037725407287255,-2.51849842365022,2.019210694540526,-1.924367738868739,0.34943136819412995,-0.16208368577353172,1
0.891064272908225,1.1366008350439993,-1.5813577421451817,-1.7317172608078955,2.2771649572495014,-2.089961603167046,1.5027313115817387,-1.661088265080629,0
-0.20163589364987788,0.47024703397703316,-0.5775330374572499,0.15105700548882472,-2.794977349414312,2.4932411499177487,-1.5421591897103737,2.6203511143186633,1
-0.4199396173240233,4.537410200114834,0.3697520472285941,-0.7130882236282432,-3.1491883169537966,-0.7171747937550322,-1.3377093280902608,2.0305847943208146,1
0.5148333422759492,1.2216313961262604,-0.8256132134709312,1.0231315078764898,-2.014645002521044,-1.5439722557407873,-0.4143186840080146,0.9502313579881146,0
1.6925500508354006,0.6511585748008533,-0.3585405689599022,3.11515466025803,-3.733746306836652,-2.2877229404615647,-0.07621999520160518,1.1372406357817362,0
1.9756680897196301,0.47802624363785706,-0.17665224034093993,-1.5961840498961928,2.5699156256294096,-1.4738520050125823,2.484524502497105,-2.2981502398492006,0
-0.6640811733819838,-1.043308582866238,0.2629433317705276,-0.6663478073242836,2.9051301134559906,-1.1279713420590796,0.6987447590292517,-1.837873160938188,0
1.2116604366097956,1.9317402932285948,0.3151779243895002,1.286182331416879,-2.5106891196822794,-0.5016102977876895,0.4898422865315126,0.1669967678777633,0
2.6324811161908084,0.6826371754981964,0.08968117920224591,2.758707632380803,-3.2914976136003595,-1.2105105520466175,1.0640722319329423,0.22590600728451826,1
2.8285790552295516,-2.230100647759862,0.005209619586953259,0.2954493302016248,-0.03998088459299092,-0.3979598935497761,1.077851266708257,0.6154130284347756,1
-0.6685973582718596,2.0174078526793675,0.976324291914934,0.4031991812971033,-0.2879482948613393,-1.0489459272228783,0.2658102325081695,-1.11539800648705,0
1.126478602030202,0.6165686767033132,-1.3371853906480118,-1.7762112123575833,0.5643909196385922,-1.4457574541393656,0.10827811286525083,0.9238342502339795,1
0.6379621860354165,0.8924079653113759,-0.2289811126484372,-0.348471355852748,-0.5265525091519561,-0.5802340870327376,0.1130358095501684,0.40746824583553654,1
2.109492194718903,-1.0214762959313157,0.07587787529867109,-1.9288716239135648,1.4063700803741077,-1.3542453230230607,0.6607267595779521,0.8578949318698805,1
0.8984780729166028,1.6112545402672094,-0.6380542187007417,-0.26093690306733475,-1.645259716070348,1.6546567103002543,0.3531346309895774,0.4655648212287129,1
0.30842578781105634,1.7530791996636166,0.7887695210700516,-1.3809686090401097,-0.7745097302509498,2.7957569933938244,0.2668851646976752,0.30625970375043343,1
2.264822054692732,-2.131941085321158,0.18698613786831625,-2.8985650008462605,3.527041096724137,-1.8855401184685996,1.2368807995045534,0.05293461746677819,1
0.8270510833611138,-0.35548044468345186,2.3289843579314415,1.664969626506345,-2.8343447343437367,0.8228054608671017,-0.6428299322290167,1.7040378142601695,1
2.385346648314962,1.2338309487533006,1.1903081474175685,-2.8983963414639917,1.3314621587721442,1.6335587013173365,2.0648378073982974,-0.7713352688737346,0
-1.1386703399636167,-1.6235434085972367,1.4856674542230992,4.787531911197706,-3.476874897535522,-1.987760479262371,-1.9773385641007006,1.5035402509848477,0
0.21118446983350936,1.0472949455385026,0.5717537485915396,-0.04425939805078316,-0.7503113902850203,-0.5938347862664328,-0.12483156208783042,0.3887580158006979,1
1.8517920628497384,2.032779088714504,1.3393120638346592,-1.393996572263863,-1.248184024277011,-0.19050503275599318,0.4114108817193737,1.2019753382572398,0
-2.538227923889485,-1.3719657182825453,0.45233167043675504,1.0130516337753228,1.5215191154261811,-1.0267982814317793,-0.9263856811558809,-1.0112307542741565,0
0.05966206030927923,1.1942559563570687,-0.5002594863018537,0.6747931348049316,-1.061410088524739,-0.3950026435272673,0.09413676805819593,-0.16843787649482644,0
1.485261803902102,0.7605868506188039,0.0033045786011657134,-1.385222104179724,-0.5838330448527534,-0.9419999459833357,-0.13176030041889236,1.6588109340022605,1
0.7982797421932264,1.470936639394881,-1.0080412348707521,-0.8261592827423125,0.31719711769270315,-1.0771145892486844,0.798437414661625,-0.5630910451034972,0
1.539550806876508,2.091888176937798,-1.240809474516179,0.42660094712610097,-1.1588975579599634,-2.2885586003682765,0.9422072486468908,-0.35531022640635734,0
0.22529699705123762,1.261237794759777,0.09068020360387508,-0.593923984736457,-1.239771118830726,-0.6121218624587645,-0.7844429787370553,1.5680919215641007,0
-0.30783101467095997,1.1476938886663073,0.046159289188532945,-5.061907737589709,5.2344039784182606,-2.967208494916373,0.6878278205996249,-1.1068384287891182,1
-0.317900227757401,0.00487561420612781,-0.4181393511474074,1.4735291274115654,-2.547656101737897,1.609330623406613,-1.0127582376714306,1.3894310371053633,1
1.078334791461665,0.9122074706812365,-1.3685655631039946,0.2254230305923839,-0.5178249553561431,1.6157259193946438,1.3973521289566828,-1.1959112390256132,0
-0.1037079357872468,-0.5382659597978625,1.155285638233582,-1.5468393236372397,3.801794697868376,-0.962688523878962,1.5984827832768598,-2.701362085507147,1
-1.9514296942294949,1.8244480007125712,-0.8059506878899171,-1.1756952524287363,-1.2863703077821858,0.21141199851007264,-2.361516802111685,2.385312959480998,0
-1.512118598540087,-0.9507612339278744,-1.014085772899723,-1.8188907285998641,4.000452091553745,-0.8165301617886345,0.34994883391270487,-1.8675985559944634,0
1.1216204398771588,0.9975761247607065,-0.5284582508129763,-1.3287682267038436,-0.26473995826556546,-0.9476156581634891,0.017018326432245986,1.0829348243134997,1
0.20511938213423475,1.8853162876485947,-1.4298793871016664,-0.7272617064878473,-0.47789286871749787,-0.3393624984800908,0.13921157778259532,0.07132147023458835,0
0.4507338870277494,0.8769379731340157,0.7820067097756288,-1.5657465569233335,1.060680667522031,-1.29573241261562,0.32241346304923946,-0.04567836938774694,1
2.5512891430519336,2.5150510482797372,0.94751155266693,-0.9343321243371887,-1.7375660055856652,0.4302562140700006,1.2304452506263146,0.49465262194566395,0
2.3649243213989637,1.9516186209123205,-0.7205356294207469,-0.4781096713178469,0.8283118168619067,-3.5456043987503327,2.2608282924471785,-1.8293500909094444,0
1.4104072411381667,0.04562143365901228,0.3053621390239325,1.8096170267293576,-3.145845789625121,0.41658360524246874,-0.26972616707088437,1.5722882389619957,1
-1.2156743925595808,-0.5708083275546942,-0.32983810835282695,-1.1284327114921116,2.440015453207464,-0.3202696010587611,0.028400618178233552,-1.0776643886126376,0
-0.33755652166971606,-0.428350320973667,0.7785277584438292,-2.318826701486959,4.036961900937464,-0.727081522029359,1.2284614023027463,-2.1864116009314136,0
2.200794506819361,-0.18162588678674507,-0.5866432259158015,-0.07109251363214886,-1.346978381514814,-0.34905466774750316,0.3040541018496507,1.4573142013630926,1
-0.025245737689431946,0.4471652593526241,0.5544892867024377,-2.124505020006888,3.0741868618418433,-1.7405059742648632,0.9645197276716445,-1.54469263641706,1
0.40987537648677996,1.6694895480369092,-0.30519941568752385,0.34903852099596866,-2.644693776197093,1.7444380770884813,-0.40783093307499724,1.2362717909622338,1
1.5290607247587813,-0.7360819162315027,-0.5407055706144954,1.6636195786905064,-2.850339655005041,0.405926536187421,-0.4229886702729437,1.921578391943401,1
-1.2821811850033074,3.1795365900166437,-1.7442239762781533,-2.9308650931072724,1.6483484194806997,-0.5467908996709019,-0.03961546660775627,-0.7106824582918294,0
1.6203935018309454,1.5142469339660722,1.2108685149184786,-4.560130662492538,1.874532939574062,-3.091469635214182,-0.20357818663094845,2.076598703496643,1
0.17250338551101818,1.4603538951059538,1.6979949582394513,1.8054134909144945,-3.252687834776167,1.0256200304883545,-0.4328633110671107,0.8306969113237717,1
-1.6214061067847734,1.7957325180242676,-1.0976174382030301,0.9944680383388604,-0.8333760720118221,-2.462517687524963,-0.9983949068245358,-0.07246226424578217,0
2.109954346109016,-0.6639082715257796,-0.5757694873926749,2.27112922264706,-2.3304357968512868,-0.45692523295694953,0.6716775255678015,0.47923025563342003,1
1.5182724764826636,1.9927022074400784,-0.4037079056489722,-1.046341410446034,-1.0648072677490834,-0.02638005166715207,0.5629600995654368,0.6224916047131694,0
1.0087444167164288,0.8975158245046583,-1.3093413530966276,-0.2939152465494931,-0.9586353795715494,-0.6872465298015609,0.04061471654932338,0.8489554225305036,1
2.1863607179877484,2.6102429198226034,0.258820671410292,0.5748684965737128,-1.2483161583096565,-3.1547204802357482,1.495541667413666,-0.768559597533857,0
1.2379096838868688,0.4128753002999975,-0.1438649790717971,1.4979851709542913,-3.333764307822938,0.6504928252487554,-0.5189391147933243,1.9006293515928596,1
1.1928360566086338,2.298696434678857,-0.008507913484654083,0.2077716821864679,-2.449775191911195,-0.1826787504384182,0.08535774921440333,0.98490489805429,0
0.9982544483647835,0.46742533673852815,0.16298665358587902,0.6946438960660334,-2.3275707885844206,1.2082623351609763,-0.2096889718566334,1.307918328023649,1
1.0998060430729542,0.7932766516693428,0.4346053947650087,-1.6744936804141195,0.4039583738007346,1.741532612500392,0.91686322041992,-0.16107926073957002,0
0.4586840442270833,1.0254604381314616,-1.0505184775777423,0.8444186033653254,-1.4374822865851864,-0.535317601368007,0.06975460777461072,0.19650467706228492,0
3.895017118509645,-3.422515108707005,0.7168593386994373,-3.0849195767258157,3.4586616959219816,-2.32098503794169,1.5309461474018142,0.973062674199508,1
0.872539174250679,0.7982373873708468,-0.34202020900361035,2.316195373895671,-2.7850565020630267,-1.6307833257104822,-0.18042977321893666,0.7201757339850339,0
2.4226678625422373,0.9051072390712607,0.4475702703661876,1.2825873920774007,-3.106728249213694,0.029899291228811187,0.5193921205859113,1.227108330176404,1
0.18551573384982145,3.0011225013037097,-0.40864881357657357,-0.5785185967539381,-2.14320462391846,-0.8515908359551648,-0.7504949897297203,1.5160476191313317,1
1.8789725082397213,-1.3724467020234505,-0.5218701001722023,1.2767673140920248,-3.968172501788093,-0.2683747141535049,-1.8464296938328166,4.570430410467534,1
4.054967311150431,3.1553362125107545,0.8086580122779998,0.7930649302076569,-2.060659309132472,-2.5850580449027296,2.7880014182619917,-1.1817612708648526,0
2.113458147649495,1.5437621089203843,0.890010882659232,-3.295077961518508,2.0815322202981967,0.0454036473527577,1.9848357998000887,-0.9757767225744585,0
2.57402968913655,0.7836293191167594,-1.7427779391775313,-1.8255411969688626,2.9438703722784854,-1.3084512654493088,3.2987419607177637,-3.0626385520455295,0
0.2682200707129746,1.5847818483462124,-0.24018985693435255,-1.9614758807989645,0.6636527232565572,-1.3003001947762827,-0.05479399691500676,0.486960352737962,1
-0.1052780078354214,0.8595515815255463,-1.7617778775183242,-0.4314893985148215,0.8866689669820144,-0.6669892644682822,0.6492146643491105,-1.161285803781288,1
-0.29814739750135844,1.3435342362668021,0.7109881850886194,0.0235715271994148,-0.4983573093054663,-0.053767947837772945,0.03266859588597026,-0.28267939625229244,1
1.4493288723675115,1.6919654086801557,-0.32225943747205743,0.7321381047250739,-1.461408749233592,-0.0941556057908085,1.1740885166820652,-0.6703505392325586,0
-1.306352770300037,1.3738868667954534,-0.7926574911039692,0.8397380415465994,-1.265226230453264,-1.3695843507890666,-1.1609677864645753,0.5861397441480263,0
1.5000600700615643,2.3049103230919505,-0.22858348038505938,-0.6259067393458861,-3.1897124868649422,-0.8850176257858443,-1.028016180296077,3.147457611418016,1
-1.8212697661352153,0.47230687144088257,1.5208775839693753,-0.8418553541722613,0.8169304082602813,-0.365447017946559,-1.0973234569221104,0.25472730499545104,0
2.503007334584866,3.3273929070472743,-2.533111417651951,-1.4545977177812854,-2.686241623765814,1.0828359837504342,0.6271794605496591,1.6039855686098758,0
0.04719072617095088,1.531025195814904,-2.34504436113647,-1.1801879122847632,0.025079497433473166,-0.2626469689413833,-0.012321879844726465,0.22411885178880664,1
-3.601384850603435,0.6654259722515411,1.0280574860534923,-0.23029343750098108,-1.1020230684798884,0.8062071390612653,-3.2688868301958953,2.3121026749370066,0
0.28399850521955405,1.5119063508982427,0.9062361062676302,1.7745072250981884,-2.4318509853394614,-2.307337465809205,-0.49553923400563216,0.7353393543138136,0
-0.33367733909037667,1.9426560509640776,1.1010656463880597,-4.046474253712537,3.353878007560887,-3.0725673711883967,0.12187736315392118,-0.27663651539028167,1
2.5083857292542504,0.20611574393760856,-0.5405586324360452,-1.8818015041006557,-0.6405502462207007,-1.522098489352628,-0.156922171003915,2.6087235848766364,1
1.4410040307238265,1.1862995851962022,0.875787166192581,-2.8795398359424054,2.8424975541245106,-1.4877720260316827,1.8210172466064736,-1.5115198865295716,0
2.140903095082917,3.065891494118891,-0.10566726138104941,-0.34089158035407063,-1.550873967522958,-1.362432384199504,1.289322650541718,-0.1846032304943488,0
1.3072342611435943,0.5747871137718051,-0.07414773390526545,-1.9032488861409032,2.012260042302091,-0.5059475315819744,1.6005716562886982,-1.3035117981718929,0
0.7035241184276185,1.8275324237520216,-1.4639264759976478,-1.7848176032374494,1.322992977638203,-1.9215587172036068,0.9118198125726779,-0.7984127490058284,0
1.731949197920455,0.7334478592223836,-0.21568478244429107,4.803089741449935,-5.139521435580894,-3.8981754457384747,-0.49197165736916654,1.5382264884150527,0
4.1950790078878955,1.3998299812357777,-0.31610387930200345,-3.301354470820918,2.306756999829809,0.6831919632150105,3.836717212955117,-2.1240355309062844,0
3.4209032276126172,3.7270874434804906,0.37918082595452324,-1.2500921309227113,-1.5936247231756997,-1.0509993735770082,2.038604726038199,-0.12216608372841709,0
-0.2714714964819618,1.6111493628172115,0.30471445108733664,1.9040942016973,-1.5429451541204455,-2.014538853715018,0.04286326847980222,-0.6501942251443376,0
1.712754844748246,0.8560968006304142,-0.48588444185264,1.6530499993836618,-3.4346093546583316,0.17977061696151708,-0.038619298332904055,1.4860893637069201,1
0.8652178667049217,1.467721271904045,-2.3532462751113257,0.48667652170173414,-2.7379031555224382,1.4839000243044218,-0.21902085492287435,1.2877839112090665,1
-0.9029013279278368,0.06012553714509139,-0.9255808889013637,0.834807341081355,1.392212321742068,-3.333820992095139,0.2229554185287989,-1.585652901596018,0
0.8112419129115627,1.2789738085832674,-1.0233992901230726,1.9319999425303336,-3.985490843805275,0.7468175484265278,-0.6463001798272778,1.719938965182826,1
-0.7330606391843366,-0.8037890439154509,-1.4135110724695037,-1.5814944726536142,-1.6612770563505788,4.145865890199585,-2.347799293242053,3.775727977561562,1
2.877691959349253,1.478224891939484,0.40412424475082503,1.8244537753080703,-4.1128323229827,-2.4040231594584585,0.04232862147931533,2.1743287374038003,0
-0.10189577017643536,0.4690905036876054,0.9595963412439256,2.1774709707293174,-3.770797735655841,1.1130976230487808,-1.3110991705866861,1.9781402133043597,1
2.045768965986614,-1.1106816865746771,0.7955602615914725,-1.557645692298729,1.1328432779395516,-1.1854645318625463,0.6230830179756883,0.8347814658007574,1
0.8432574526675832,0.3476766165498476,1.372917096350636,-0.38948311995852036,1.7600503301409522,-2.3357332758410836,1.4508591282080718,-1.8155470586217288,0
-0.9848530394251049,0.0910534864373922,-0.9382789865284208,-0.5021595001474588,0.5810175826658021,0.31074982005028984,-0.46057607787891863,-0.03809555256798913,0
0.47580228940308944,1.029225924278192,-0.23736598123403088,-1.4746953336640436,0.2316177197294535,0.6739836530482124,0.278037003028754,0.2278514585776461,0
0.46226095214749574,-1.3987460091576933,0.8417298428700645,0.064287715158999,-1.60769047257889,2.2590036741111383,-1.0959154824623063,2.396596318635255,1
0.03836955671897502,2.905451382246812,-0.3932193874877166,0.013025697115106594,-2.7692682560896436,-0.030598213117124073,-0.8420478159159114,1.542986056692551,1
-0.6628050426645065,0.7712295519856586,0.8228930264157597,4.202875730279436,-3.1689738867680606,-3.1339932703443916,-0.8244886360164239,0.05831373867086753,0
-0.05168899985511599,0.9429548357442733,-2.047171311564479,0.6501363233134945,-1.045784377684914,-0.33552738010516214,-0.10476540420266885,0.06130687916954336,0
1.1349314028916633,2.554626870187244,0.43620982241426576,1.547475511462435,-2.497763401516487,0.2611652887296033,1.1213981830668978,-0.8915927731942566,1
0.7237702416410902,0.11764992871021618,0.41870162437010805,0.91534597083738,-1.8580125557570297,1.263355336155593,-0.039010339019910946,0.7423745061285565,1
-0.8588409949448232,0.29370774009047873,1.9626092662696317,-0.482424311787491,-0.4931460315735423,1.8751248606553097,-0.7594569129969279,0.7239737788086709,0
0.8560650682169829,2.302040937746048,0.0615170144346751,2.1628412171759748,-5.171471274703797,0.6065669056701293,-0.9813846375376276,2.3195336335345873,1
1.643036414424187,1.9007494222334267,0.8391005322213135,-0.8638788295205191,0.606877582774859,-2.6045757658602677,1.4871738726817274,-1.0665928251064263,0
-0.44708973769353677,2.238805331869105,1.0078589206536153,0.6195365170463367,-3.5971253678261226,2.19823844314791,-1.2809793390956783,1.9493772630243054,1
0.6515340408847874,-0.9060805777375436,-1.0113159031749597,1.5989142637000175,-3.220285115689702,-1.2546583585225604,-1.949051902994524,3.520199320510958,0
1.1156035688120312,0.19019751090598136,0.5457062632719493,0.5120972280070238,-3.0075617380702098,1.4534794783394156,-0.8917089066252536,2.5844033338412364,1
2.1466285259243607,1.1063829638932163,-1.4012364358931555,0.14248654369977543,-2.9318184466675676,-1.2946899581845692,-0.5245499352586248,2.728241115706422,0
1.417322620558817,1.023510171384362,0.9458112398592606,-0.25310319618830746,-0.08853076559677842,-0.6507281924963948,1.1836515954970075,-0.6841171489392267,0
-0.029624702750785215,1.4946069186238726,-0.3299986298388009,0.5271936415269078,-0.4425622699512044,-0.14973656470537156,0.6653068852791062,-1.1527078041686978,0
-0.30729593973035296,-0.6827490755183161,-1.5605608428708906,-2.525634087567183,3.307572078369231,0.6819552532375996,0.7295547396602986,-1.1839855189065502,0
1.1123779264198532,-0.12108040342264492,1.0241496128159613,3.5923927574450127,-3.0595761617552495,-0.7979903589442608,0.35474341501331597,-0.05145180566578578,0
-0.022151232542722,0.9576633291134384,-1.192025529574322,-1.0150045178214024,0.7303481642271358,-0.9403727023025137,0.17763750281236879,-0.2571527342612714,1
3.1550814976240718,-0.9565693816239924,0.23719059911985893,0.5888883169612027,-2.374519260837911,0.06964934412204982,0.3086662108334187,2.2530558467316713,1
0.8037327357622035,-1.7738739028353492,0.4630239386713429,-0.8144880500012487,4.035139750775062,-0.12655321807189468,2.5524710478562533,-3.5186755963982206,0
0.4882459871167255,0.7209530190252258,0.49593667206934394,-0.15162340776966776,-0.2852888961448161,-0.5678662715325198,0.24901849901945863,0.018216947638270975,1
-0.6609161382836075,1.7399835156351036,-0.6171276958999469,-0.9333314164634835,0.9847023232412491,-0.8992382021243436,0.36663058975538515,-1.127885064649103,1
-0.29228838584538663,3.902780397712773,0.22991988644615316,-0.8602034381163559,-1.9163986205237227,2.6428686755963247,0.2347833207142388,-0.17605202145918897,1
0.30568583437140473,0.8213904950515942,0.25918320384888405,1.7133497365591013,-2.08628003151005,-1.32031767251878,-0.32538014752023575,0.5429107388302498,0
0.8905072747849818,-0.011407281796879332,0.4467528881064763,-0.6621096706505682,0.3691265405806908,-0.5977088338808338,0.39425600669061395,0.16631672488783222,1
0.7918025225604484,1.8862747756731237,0.3153928457562858,0.21634049188517357,-2.6885071081315055,1.571887482204486,-0.1770485861517975,1.2041301334812458,1
4.12342930157777,0.2971159957199757,-0.6485135399171253,1.8849584902959582,-3.021630720568388,-1.4523918886529361,1.5922832138073397,0.7550703221576119,1
0.5351729429962075,1.0850551110547926,0.2809126063603233,-0.9808426989468871,0.0491173706804001,-1.0569573412985946,0.0821584406825662,0.39782420767179905,1
1.1180912275490895,1.4440765237100743,0.993875818403469,1.0185198765685886,-3.354891236380345,0.9510668638096529,-0.34612815884772047,1.6215204613416798,1
2.3537416749445574,1.918068373428218,-1.0785097086617725,-0.7115518642835907,-0.6597182199301704,-0.8331555900221878,1.5149376019498721,-0.3215639635704114,1
0.3743728554559125,2.2651945303015837,0.3607776573044803,-0.3267849199484345,-1.3719059863220338,-0.7698210063561906,-0.14178348141141012,0.6246042628575381,1
0.05947218764248341,1.6980532863333333,-0.348186881945659,-1.2348407794466199,-1.5460250802910143,3.022741475415773,-0.4468442080598975,1.2743048200348115,1
1.7622936492973795,0.059008306417685064,-0.05922549918243163,1.8760509699554215,-3.45195688778525,0.11102917587384609,-0.28858050452655093,1.8880334690143046,1
1.8254307592190324,2.8906259020816307,0.8072191613029357,-3.6111319358597243,0.6117420888916837,1.4333640770516265,1.350204484243129,0.033643371303720415,0
1.919316242622986,-0.2830637967298546,-0.7273458378338238,1.3074689456993824,-2.2250625852674903,0.27304045274783717,0.3610732075717273,1.0105133254632657,1
1.654759416430748,2.196971555141748,-1.1432750815404071,-0.41324472236389365,0.518241309793025,-3.2650424368790554,1.6986748014291198,-1.5075723356576414,0
1.5633353312238634,2.6446286982031877,0.6230492014205768,-1.6238917474044712,-1.1016966609363976,-0.8205519012970606,0.314238107563982,1.0922493460100389,0
-1.9947930378979692,-0.17603569392467366,-0.06720113094297203,-1.1381566387042783,1.5844288641912314,-0.5565299317761192,-1.150881048088695,0.17739990992033228,0
0.9196533070886082,1.8411023016027308,-0.7379348755287497,1.0982270886834917,-1.777823104649265,0.6869089504521082,1.0193475726299008,-0.8549730556366493,1
-0.8060092316397311,0.593732708493977,-0.7656415218348179,0.9198640260214914,-1.228955030768532,-1.2001169937781186,-1.0489987692526448,0.831044419592924,0
-1.927460027923558,-1.0635223990144742,-0.8925533296699136,1.8070018072090674,-2.282800821197772,-2.1751382113613253,-3.2880165350943273,3.302573920402872,0
0.1247091549370668,2.225982356241869,-0.3854546980378054,-0.28896308288643735,-1.537911463909436,-0.4736302160084529,-0.390771825669865,0.8353029249870344,1
0.7038077016771667,3.0840331005771127,-1.956548398452347,-2.032555345522665,-1.6207319137469764,-1.1921696845887166,-0.9155765826855862,2.39128490692556,1
2.350071132545059,0.4342491926325116,0.15663653720123474,-0.8934348103701907,3.5254703246757177,-3.3973592763413647,3.5253338653702966,-3.9500015185807276,0
0.8451820756640638,1.872870862630481,-0.8840175099970786,0.25398286801896286,-1.6493053612701774,-0.7709612229983687,0.16380532973390605,0.4639232207136563,0
1.278818949913684,2.0057960339067207,-0.27663961453286323,-3.830821228854594,2.3814918429132574,-0.9362684601757774,1.238095542419964,-0.5015961716461224,0
0.5194331235584192,1.7882069793331001,0.6387296065694595,-0.42291907039929355,-2.7178917512409457,2.31714711743272,-0.6879150623564027,1.9438680228690624,1
1.1370628837630359,-0.5320506714055653,-1.1985776883457495,-1.5753630821526352,2.8639418742016964,0.38592769818554507,2.0736232067464893,-2.241722906483404,0
0.5449449751698747,0.8375723750435162,0.4228958882585754,1.5697104236435067,-3.4189041638988105,1.0369905243824125,-0.7565626742453716,1.712150264422031,1
0.25628496648169863,0.783729923287076,0.055034181380344493,0.45965396705889106,-2.687798996819044,1.880940557271567,-0.8997455641005104,1.885513354462751,1
-0.25203324730090726,1.8654305969709155,-1.122726559503377,-0.484589207300822,-2.0798709795877426,2.6761023658917376,-0.6445530701458022,1.2144947860592556,1
-0.7988396714899502,-0.4267516938067075,1.629806180869787,-1.7039127307910236,2.505021903005396,0.3633350178509951,0.2674441605256849,-0.9678172475953117,0
-0.12437199803245935,-0.7637501878064705,0.15695053685251456,3.9747069248140323,-3.9087418651711676,-2.780589522894683,-1.8743275195873967,2.298726318040105,0
3.10485072393437,-0.5514215867650394,-0.23762668670599105,-1.4299681753500093,-0.8556639661055203,-1.3665219850040737,0.06750268734315412,2.712318247265891,1
1.7175183199276511,0.36373479941256015,-0.12265820786867371,0.37869093344018134,-2.268787432522976,-0.19957649415974854,-0.23184314116949672,1.8982403838979904,1
3.3926864284351206,2.0331663454443225,-1.2826408518029646,-2.901995356558498,-0.6548239830782645,2.8402555661550304,1.8587676492488006,0.6268091204324056,0
-0.6652089765215004,0.37644300760848226,1.3072816973537813,1.0700062161083361,-2.243199268567616,1.9774718626843244,-1.0030838648092926,1.149782429277878,1
3.198965597842661,1.1106558048159916,1.2824976407878022,0.5629102039339191,-3.2213669013717423,-0.6562571594082309,0.4681770012203017,2.039279919243297,0
-0.4852930155974815,0.20000774221735917,0.6965118732615684,0.06663354894745432,0.9790118479859069,-1.651018406877583,0.18407448004019614,-0.8987706113680165,0
2.234669132317987,-1.0967174523439547,0.30662383080192573,2.497554382329547,-3.33154260094352,1.169495952765533,0.2645163363793439,1.3805214267933168,1
0.7851682233112683,1.2657954342973234,0.4236861351302122,0.9863394074356352,-2.7523296496059815,1.1129521586784499,-0.15989272643641655,1.0206709503152203,1
2.737550620432331,2.815443212858513,-0.41068159877839855,-0.21298506632676228,-0.6502736603689232,-3.356225972659765,1.9530435408134839,-0.9573734899984314,0
-2.4496536775453315,0.5674008256130063,2.259274649351721,0.6942093068452996,-2.487009957898677,3.4175710503333465,-2.3454925346953015,1.9516963059190235,1
1.3927354880565548,-0.733802268477693,1.760424044412932,-0.9273894559762328,2.3248606075093536,0.49197935951828486,2.1628108325651083,-2.2268313742554273,0
2.871753011609986,1.3760094479666927,-1.0491407869614453,-0.950124741262933,0.7890592607986606,-0.6841255580036785,2.737617877593225,-1.872289489242323,0
0.1152016678626312,2.1462807260890298,-0.7430379891037513,0.03688136680602894,-2.680870407756876,2.190028640903531,-0.5130366429120584,1.2371092167061652,1
-0.212109068178165,-0.4852027627579676,-1.831254490125996,2.920116562850184,-2.822190264948496,-1.2801488212773546,-1.1950673033891526,1.348641009881808,0
1.116920457488526,-0.30112203568956186,0.7746616155128153,-1.8038369707437898,1.8471193294994648,-1.5806982142931134,0.6683126166542313,-0.06259109247177519,1
1.5948568008259818,-0.2702291204889333,0.02481954966848239,3.6742583407601055,-4.543245654078977,-2.5073079554369393,-0.9863796583231195,2.4522218266937315,0
-1.0116319074798423,1.3526003188326756,0.14712798219009265,2.222444211424712,-0.8413269496612827,-1.0653780966102422,0.39334845769707283,-1.8630969664431967,0
2.884430472504911,-3.90047574476511,-0.37066167111380255,1.2008897555465903,0.7810715006437748,0.12714077729939044,1.698120873093197,-0.4807977570435855,1
1.7048722106535652,0.3571899501803468,-0.1765833906648306,0.9087182668699352,-3.1670678895794864,-1.2046391432537125,-0.9097114703290321,2.8675769379431664,0
1.8023925570231056,0.6593405079344417,0.6082358806767989,0.24899361591260327,-2.1691946766291306,0.9701669463831364,0.27702349960030365,1.2586934725377925,1
2.338481583624006,0.9933668396412147,0.6469899720601037,1.0249664202929227,-2.708965349738396,0.1409122161822559,0.6948104425282127,0.8995502727886119,1
1.1752336720063876,0.7090460003258828,0.9467918914868014,-2.369459200666221,0.9644761744161957,-1.46733471404916,0.13468484817914517,0.9899044254981889,1
4.310107370265004,2.3118104747717316,0.5217973004813268,-2.19715331164051,0.1940495230221107,0.09125282859869355,3.1754086287509886,-1.057019916173604,0
0.9129900521656913,0.5653272035592238,-0.2878155272598142,3.3974844220597498,-3.4678025021029777,-2.437590208903685,-0.33842896763625147,0.8201904720045042,0
1.0514616781067403,-0.9682862222958941,-0.37935431638446293,1.732337348571769,-2.5710274697732483,0.6796399677213724,-0.5516594288787096,1.7122718249129074,1
1.558054726039718,2.413677090903286,0.06254072115287193,-0.15502139348406607,-2.1356645575736093,1.2834624347504493,0.8187786589276099,0.2708020014159155,1
1.414646196361486,1.9580518672670637,0.5828442482341554,-0.7538834672346232,-0.6319560208931986,-1.179051840956961,0.7316689727517757,0.10803094659997914,0
3.5208975249897625,1.564064134758931,-0.4037966527657218,2.393612741046409,-3.422653898023422,-0.8279682454144613,1.9281131026225389,-0.3026814106249074,0
2.294432467065841,-0.8216632929606307,1.834293469082618,-1.9480162906344134,0.9872407631276945,-1.3544531471225056,0.5353266233692432,1.2442823594097845,1
1.917448523307486,-0.8255467798705669,-2.105060722711022,0.6481767882053671,-2.4588394199560173,0.9096999411058241,-0.3819723152594554,2.3586936063854154,1
1.4503915073160898,0.9563141166228689,-0.2980825620767147,-0.6146599937041829,-1.3642275571630167,-0.7675725229817337,-0.16814942962316518,1.6274217525765038,1
2.631936040822546,2.990670750664779,0.9956199807550639,1.0169680237704535,-3.0560915858955475,-2.113560239001109,1.053815998974239,0.4342125071706353,0
-0.10477821480847727,0.12206290699956335,0.5567637483179114,1.677665464596116,-2.631597179692396,-1.9092226268938046,-1.6215266264151476,2.2572078512260987,0
0.12783882435769733,-0.12324447408849815,0.9163633606728419,0.9604486897093528,-1.3594258949340705,0.8483636814295876,-0.26687391679498945,0.5302187549841152,0
2.2423591848121034,0.6072686428794021,1.1538104826611382,1.211083757171087,-2.5555078230378014,0.08451698088174742,0.6646650303734505,0.8229904749156025,1
1.7524031071846995,1.280317891031757,1.0347887265553668,-1.9660828310305525,0.7807854260259007,0.5109246662840157,1.471150224736512,-0.5575129152464052,0
2.4414566206966897,-1.0058357136056486,-1.0178513348370146,6.652319634759308,-6.248292654291719,-2.9418070178506834,-0.31079301393712233,1.7018820939734753,0
-0.17103236079822604,1.7378106667845006,1.1871916798107398,-0.19985830722569276,-1.4738465508571739,0.018568737430024074,-0.6234845567565718,0.9728956149491523,0
1.522518330603381,2.722204754834821,-0.40708120185787766,1.2651302928997379,-3.1946990857454853,0.3650412416123231,0.7526360553589627,0.12158586918416914,1
0.4930242252908871,-0.14533243968005616,0.14276288964826872,-1.4412709016294836,3.56566156630341,-1.868175338894575,1.8889248070427915,-2.724998895395007,0
2.0101522764167807,0.18640143752709648,-1.2280812306867734,-1.785634165819744,0.10273843774708864,-1.5646741881536013,0.13506394065298152,1.6546489930918589,1
-0.13646135250795655,0.7590690544044864,0.8932649770739265,1.8766988409390142,-0.9001077702886182,0.05374262002758079,0.7645850782578122,-1.5704183752046088,0
2.669579974122529,0.01814580680573108,-1.0084896435924013,1.6303156059160875,-4.039683619270473,0.2754939576512285,-0.2372177479179542,2.665381298562174,1
1.8933860363539445,-1.849890001849575,0.8258586540056926,3.8994402842584814,-4.053873612648745,-1.1424992831053888,-0.6496564973408573,2.2036333184807244,1
2.824873316162878,0.03264394578894747,-0.46885797512064487,-3.6784429512334413,3.949547527701744,0.8533988923791074,3.291451790631971,-2.450714370315178,0
-1.325950326001736,0.21956110577066812,0.7515290630726125,1.4347108829636905,-1.1739468709400591,-0.924364238569524,-1.1773357892788052,0.5292310799787094,0
1.7076683004961375,2.5426213555873964,0.8183183225732367,0.7208386951615786,-3.1000812168577525,0.6664862554908035,0.6015976173680267,0.6217091041126528,1
1.5947425446430379,1.688289660683564,1.244092715637134,2.1573720507405976,-2.854289979013509,-1.9394402352399662,0.5743066745857632,0.13761637700804963,0
-0.03593184139427108,1.145029953738646,0.9012932769805975,-2.6219047842799825,-0.5012273154529502,4.094332030766787,-0.5545620328173417,1.5963058286846075,1
2.3299731913300903,0.6877468714758666,1.0114622566440135,-0.8985303360812201,1.297895916741641,-0.18021053449949875,2.5712699042859333,-2.070782732328608,0
1.8508368034574845,-1.3336545757989917,1.8589597380740388,-0.5873654328569511,0.8282778908312062,-0.8812919987476773,0.819767061521426,0.24409438564418373,1
1.0927026443734698,-1.667101294033984,-0.5001394802709285,-1.9642612741177294,3.5714059641205713,-1.7272210978716453,1.2737650008931785,-1.1413009717255576,1
-0.6331448717081101,0.9087933452156884,0.372623042683487,1.4355620228746275,-1.1155113905269523,-0.9837991938547853,-0.2704206508270124,-0.33577556518566176,0
1.4804521061479294,-1.269241200776296,-2.304983444562245,-1.8725415559129357,2.6651725318090196,-1.4392161443699727,1.1367002091387484,-0.5297798091006272,1
2.5332227500391697,2.1959665187287953,-0.5648834672866359,2.4113060304384994,-2.59197467657219,-1.3667697987463612,2.074142911130743,-1.4700300610150845,1
2.5885049680073324,2.603493338121396,0.5138599047571879,-2.1316239111312605,-0.7241627228055918,0.8588233120874385,1.4813847220555716,0.28250025663936684,0
0.47682784818505164,2.0201588969771542,1.7893390413239867,-1.6400069698328994,-0.6816539958127538,-0.6690424401518106,-0.4412792674203508,1.3601533590421813,0
1.0358160982500715,0.016508151572144247,-0.4630554833456931,0.5127752789164697,-2.111553438567098,-0.09888016177863512,-0.6770694567528973,2.004764207113335,0
0.9497692107772925,0.6532684918913332,0.052474823587020505,-2.327470753349672,2.466903923161549,-0.5427281326387652,1.4652716865759725,-1.3562843078916935,0
0.22273727113510633,2.100617643095757,0.4858368130390828,-0.09466381845426786,-1.8722402136106644,2.0403172214007643,0.10330161353249387,0.30511433783158637,1
-0.6838431332972861,1.3474317145332853,-0.513399756500356,-0.784249657855798,0.6868866446273255,-2.000154412865953,-0.28121806293209317,-0.19964010323821646,0
1.4201081739323844,0.10736882527666647,0.6326404794760461,-2.90951069119207,2.178675477646693,-2.072706620274274,0.5334381690931719,0.5274492941047985,1
1.0198540862475312,1.8423454689125132,1.266403981189614,-0.11279365867330515,-1.9871301533537005,1.6401951728233068,0.36664918820249437,0.5441970535504952,1
-0.8541886304870312,4.006840919801722,-0.7968507185198861,-1.346470085942054,-1.1335225732076841,-1.280661363638462,-0.7920292961096174,0.7237719713258176,1
0.47392864164378135,-0.8256146603545047,0.9805668432359698,-1.9719033033434936,3.173727908431658,0.6561296753080659,1.493100645862609,-1.817383198185395,0
2.261615837957878,0.15987658036384444,-2.869719437308566,-0.5677149487030275,1.872146525075329,-0.3983372474003152,2.8995904398517878,-2.7560991803051156,0
0.6496825044587755,0.4498019301477203,1.5148771135637804,0.6753717047668268,-0.9834959406998399,-0.1524858229366285,0.2934994297199007,0.028650259531461386,1
-0.136132061784894,2.7545631625750744,-0.37178652303114695,-0.07230243982648954,-2.255919535393524,2.2511771655546275,-0.09449223352868442,0.3508430575970237,1
1.3300922458907418,0.08915688942350164,-0.7568950045818167,1.0983695583286421,-2.4620428734258257,0.8095086175697894,-0.09869173928200667,1.3291142112318044,1
1.464958190290866,0.5828511979965404,-0.20078498757209237,0.34438284141049214,-1.8959146535272797,-0.3889756894275048,-0.06871166230367222,1.3914598974356411,1
0.5797485213052149,0.2954587153667574,-1.1569170624885479,-1.2092700049370315,0.9912295085629536,-1.0955647838958456,0.3531176441307326,-0.021774341854703394,1
0.6235990346495706,1.992336218042417,-1.0895064405217072,1.2495634572169796,-0.807879360233336,-4.139729265438788,0.5647122059650987,-0.8193082196845138,0
0.7172852274604439,0.8873793002960492,-1.8948448635857316,1.2330501972570505,-1.8697057897085123,-0.6905515731561079,0.04699979635241341,0.40735830558841624,0
0.3561879320556608,-0.8976455727068529,-0.2846838538645575,0.7051923253098726,0.7978069549810474,0.14301439751857958,0.9893223241129259,-1.4243948719521407,1
4.20878519114734,1.1140875038260682,-0.3354579342025971,0.5825385833747627,-3.341715305035105,0.48297244924329763,1.4351010469966414,1.4443712293946276,0
-1.017765571778226,-0.6371946051764907,0.13962186904949717,-3.6181438687567975,3.678913578018604,1.56467473694318,0.03480058721331379,-0.46749482105052387,0
1.0614595899033825,-0.5329968712012587,2.184316280106667,-1.2093953253016017,1.262198018569031,-0.9828416152074713,0.5575847346826124,0.05362261857179995,1
2.8685744839060243,0.18446230563612676,1.0797046442854914,-1.046620226992255,-2.0561558174099765,-1.0419371647575022,-0.419547383477012,3.326084855235282,1
1.4311780661171747,3.1227354928374202,-1.2121954744342371,-0.8966465281429327,-2.691641935529599,-0.30427744762221154,-0.2781857368444413,1.9469512070633561,0
-0.9831645589772493,0.9259387822163249,0.25661290123247005,0.7874280174636189,-0.9230501332255684,-1.193248704704736,-0.8428450858967319,0.3537448568617526,0
2.5924091269393914,2.462505196708565,-1.5024627257988623,0.7436608629191626,-2.88118107422498,0.007032267850305751,1.2637804341566234,0.25309960938868103,1
3.5996446485563878,0.64402121252374,1.5752865220257735,1.9210251513479648,-3.8219276789825605,-1.0488879202614538,0.8212231590845527,1.612604076079156,1
3.792941590979279,-2.8638449184745003,-0.30030457603484917,-1.5649886784986462,1.073104538288607,-1.4493325577276,0.9408619892473284,1.800620739344735,1
-1.1157099451250772,4.018746373721714,0.8436400578515563,0.3433172858842968,-2.7943881731435747,-0.10940943288148897,-0.9796856852755442,0.724141746490597,1
-0.6706816262064663,0.9293105231883875,-0.2707580050908476,-2.5715681422177052,1.448141741071869,0.09405018717454805,-0.48112254065088694,0.5170954539232782,0
-0.9973308218623518,0.7172044026358544,0.6928467760709727,-0.8307099816365862,0.5590542387441765,1.0754046360347358,-0.19459605734436114,-0.36405474945290783,0
1.8721407782234354,1.9910923959571538,-0.4907643570889072,-2.0935294059810916,-1.0342701286522815,-0.12214444333319807,0.14472040491058424,1.7461737742002235,0
1.4528362007207738,0.3725201254103734,-0.6189532342172839,0.4926694931464872,-1.8040153989373207,-0.2217290351046618,0.03332415876036409,1.2016941641925392,1
-0.08364815682776938,0.08402179377331431,-2.337490399672784,-2.084918082482069,2.1687288939760956,0.2535350463803272,0.5051187058756623,-0.6656223658489417,0
1.0281824531164616,0.5022210094352044,0.9009737887522102,2.2413429954441177,-1.686175136599429,0.5654200116742587,1.223186492517279,-1.281596013439927,0
0.8270532954278718,0.013376645171587986,0.2574666362704753,-0.9903528857966497,1.1187096027083219,-1.0711462717595026,0.6556292191093687,-0.3342401770535417,1
0.3913463721638173,-0.23187139035872817,-0.3050335216766285,0.635016005321186,-3.3897182294902173,-2.045424283103933,-2.78215665687495,4.731324814534936,0
1.7433835004304878,0.6190618213716138,-0.19900712405283771,0.1034851376694943,-2.3183992704916982,-0.5920502491892611,-0.40549841554008276,2.2147260798021984,0
0.6268280656148358,-1.1607694530500905,1.1075891650671603,1.9208786599584373,-3.9428158041484167,1.067990012513416,-1.905376283682665,3.5939623543259414,1
-0.5918318056783687,-0.12943365680033647,0.9759573656613089,-1.0429601283987657,2.169546262967594,-1.0891128650411892,0.35629737014468554,-1.1226767407557134,0
1.2113050367556661,0.0835969580554844,-0.4591137531207705,2.104572287086693,-3.921052014681094,0.3956466684587965,-0.8671851667792865,2.3560214715283303,1
1.9611826469850906,1.3157629781861855,-0.16490125587431276,0.4644521389337951,-2.784457115266746,0.7181175512424532,0.28650074290940436,1.3645700233880267,1
1.0209777042867763,0.0024555208138499207,0.23032161680350602,-3.166522457073405,2.740884383350751,-2.147568649257434,0.46492524289794734,0.2970029541956295,1
-1.0081362217344885,-0.4601859199034952,0.08871746189226766,-0.09666423409464198,2.4641046546782652,-2.275793819682928,0.44255973683882605,-1.8682583493078995,0
1.3447667025886956,-0.21121121111231145,-0.3193705576084001,1.7624791501986627,-2.902561587996902,0.39667278980245935,-0.2796205739049227,1.52306778031403,0
-1.94350472484094,0.7990105650259004,-0.6834369888051621,-0.6663815873370776,-0.17770261991095293,-0.03207905592208993,-1.6646774721253101,1.114161148598082,0
0.7923318353674375,1.2170250478123001,1.3117257960306943,0.6899459081685135,-0.7368949800414115,0.65095509990972,1.2095649166790925,-1.2698170237462332,0
1.2450331312950893,1.9444978577037548,-1.0091323318825913,0.009984416121907591,-1.5401581498101404,-0.9666812305920616,0.3851582054034266,0.4683672049922353,0
-0.5131502409873689,2.3557880832562432,-1.3740196128923736,0.41471428712717395,-2.9680112839819266,2.2221304898012226,-0.8696483193876732,1.2319530550451865,1
0.46892624057384225,0.6265879675115884,0.9440350845146654,0.2471403830873491,-0.4672821830120765,-0.5731933013845253,0.2935345811304537,-0.1208992895393326,1
1.8911639553092043,1.6177739359200234,-0.8561508081348634,0.8704632714157017,-2.593264910539982,-1.3929293805385097,0.27790052276842125,1.0884589938946068,0
1.9193747634228786,-0.060926236704468506,-0.23000165074318424,2.1117519835266174,-4.793408084377276,-2.987876645931957,-1.9929946075668856,4.559439464895242,0
4.256118710557432,0.5931777758228087,-0.2736441772219336,0.9112986918733699,-3.9637438320760423,-0.13453946346265977,0.7427478515775704,2.5307330854647763,0
-1.4879430459588634,-1.2053877210913062,-0.08598367039254494,2.611763700913431,-2.3762264794020775,-1.4884661374373094,-2.4033298563177605,2.195421611646623,0
1.7777055163631683,1.961780191506571,-0.4019686324164807,-1.2351188297198519,-1.0827895986602851,-0.14141538740600357,0.5757098530904887,0.8452773297659448,1
0.9485536796848166,1.6311736162270387,0.8607992213263806,-3.562040138218267,1.279624379983183,-2.188413698399718,-0.2716463154095595,1.559773982207417,1
-0.758767291998035,3.2865894043116715,-0.744095760207419,-0.2596758539688442,-1.4543278890519804,-0.6183158108947725,-0.47244878040520144,0.1931866163328967,1
-0.004255946372806019,1.3080829976596458,-0.3344662749808074,-0.44735625669988377,0.01399451854559289,-0.5573640379535716,0.23299058670559225,-0.3468199226792099,1
0.11334637807591608,0.8204873943773516,0.25415583826501403,-1.3003440382756792,0.40618613117404095,0.2776246805728906,0.059403045020606345,0.20086702086133923,0
1.181476903455277,0.9988658191346138,0.3742921072110323,0.8318397288625021,-2.101521653558464,0.9281822314930527,0.40658672463602874,0.42481597261397297,1
-1.7846160501170267,3.096056966049777,-0.8066862511369497,-3.0489919127015885,2.9836034349135145,-2.16065194966216,0.17735379095351034,-1.666871130371491,1
2.540417388969907,2.072104090449943,0.4754800252815283,1.0272668711544262,-2.781140644606556,-0.04731991938636315,1.2843022906282469,0.12145204677542698,1
1.6408528352551037,1.6692116913658994,1.0262414006464307,0.8524246431806919,-0.09113160382815369,-3.7617702684735086,1.6123977715070859,-1.578967207504976,0
-0.295869671798457,0.3976564800654826,-1.6190399167596323,-2.2169144288516542,-0.7129893361198829,-0.14761463608330816,-2.1169061928308457,3.5058580728506774,0
0.7012776341777974,0.0024257062667227824,0.8105639262802327,0.596756673717624,1.7039981700234008,-2.2837033285808843,1.7821962221855354,-2.612314507792085,0
0.14571502101491896,2.5729570158682735,-0.005559967344801989,-1.6535214624847794,-0.4574109708882456,2.951891090607764,0.685133380623269,-0.46483587862825737,1
0.5849509484427582,0.0201361026617074,0.6877696487788415,-1.20076483316487,2.6258982987739525,-0.8687956258818794,1.6603968847884572,-2.1885170773061513,0
0.3393210924821223,4.763811332510203,-1.5614995244662064,-0.7061652982690114,-1.9047724844225258,2.072998808802191,1.113471519130864,-1.1066603249293196,1
-0.6990391955579449,0.9753183367055226,0.33040212840083516,0.07961676240199589,0.610466682924268,-0.6786399677683317,0.35712063237779146,-1.264696143207921,1
2.60031057072627,-3.096467331777256,0.6063313151374928,1.7642309712351438,-0.4411329877041291,0.6579054903069805,1.3612111326522454,-0.15902072480197593,1
3.8470774993873147,0.5937667003422054,0.8020418328989372,1.1570116110442408,-4.698000096422751,-1.6783768736768274,-0.4165667418514987,3.9255599375069132,0
0.9479646991120498,2.4071238961674233,-0.27092898218191985,-0.7067593413612017,-1.9570474002331877,2.055539379685219,0.33790067473759544,0.6505931298305878,1
0.41686159167680836,1.0929836323574793,1.0890920090372573,0.25117090284677723,-0.9218462511120596,0.1055976404131318,0.28047196735715535,-0.06712259168898749,0
1.3096854756290184,2.9685204983419533,-0.6718265107718646,0.044980862968843294,-1.827363181130025,1.1467763862706923,1.266882488088135,-0.7158593592416462,1
-1.5221128477413295,1.4517516624361368,-0.6563926688314464,1.6608964064327556,-1.7553625103132013,-1.9878179804591842,-1.3167558257571652,0.5072298818362315,0
1.4245075452468492,-1.0582849702980641,-1.4192946727845008,-2.4788019922474476,2.984622347900758,-1.807882531738478,0.9789212234970351,-0.2774399006095529,1
4.075596263716892,-1.3502382486847466,-0.48317380127525994,-4.278149457569282,1.6613489346432098,-2.7723599048707848,0.2986526832632413,3.3577519989105133,1
0.47608564204968395,1.2735184610771753,-0.8431771646023222,2.008579979677493,-3.852032370124403,0.7058387055801014,-0.7504949999076356,1.5775742134182078,1
-1.112851051000428,-1.3518441428897572,0.5006434693539213,-1.3236885330432329,2.7280953013412446,0.7923653611081019,0.10979057482443086,-1.025635746691324,0
-0.2238097611300951,-0.28904942711933646,-1.0823369495519852,1.3626270059097765,-2.74130923526049,-2.0729828363575304,-2.2596252777193175,3.217921631025921,0
0.21140957515303083,1.3205784966065366,-0.011562316955284448,1.3685085542362416,-2.517832014259545,-2.556941752069465,-1.0491162933443219,1.6072701785072654,0
2.131980289361418,1.5332081092818803,-1.0346082130487404,0.8833096845199992,-2.4054227853280445,0.24027425338053077,0.9987924367746386,0.24959559715185498,1
2.012433939708516,-2.4688229840616702,-0.5605902418205673,0.9063236049493084,0.21527230165232625,0.02526128960399987,1.062727488596593,-0.13577132135441494,1
1.6653554433473325,0.8194726879458898,-0.2621811089278234,2.021747683402973,-2.217159789347209,-0.08300287429373421,1.1092749334277188,-0.5377300024809508,0
1.7060195768554,1.066055129945493,-0.9872015839616248,-0.2116736615691388,-0.6210585987050528,-0.00825119667526375,1.1646563984512766,-0.3345160891429141,0
1.3797503739288912,2.1268936159968366,-0.8696475161114794,0.5632135088755316,-1.6474688394334656,-1.1512190571841048,0.804711463135305,-0.17983794900208938,0
1.026976049323884,1.8189286105591684,1.307267452279079,1.225647408478607,-3.3439378692620174,0.8287190670408673,-0.11214811820703634,1.128609247704753,1
0.47730745842872413,1.3790283609411882,0.7449672901006757,-1.734406249849199,1.4261599480495146,-1.501531637156172,0.7410614888793651,-0.7021050498899403,0
0.028698532209434746,1.398648771996723,-0.5653495554278586,1.6934533760477706,-3.000919550961594,1.0670218382321965,-0.423444038985455,0.6982691793004974,1
1.8368466751274093,1.427805703861529,-0.13319739666630312,-0.243496050773494,-1.5161666672258205,0.24447689078296264,0.7341760139519403,0.5424396033617296,0
1.0645095485523215,-0.7902752890989646,0.9863135547889541,4.3277377564076716,-4.620173306567586,-2.0722562390549752,-1.1760723472774441,2.237520045016477,0
2.2799345332532397,0.8393360190419704,1.5513483901677687,-1.0728662435589376,-1.6458763308965547,-1.2649693005453995,-0.2630676510947596,2.537793387023774,1
2.519148679169704,1.6630926006794322,-1.3326537920331578,-0.6072200286065097,-2.2420248964874943,1.0797133240313663,0.730479164703837,1.2923198654953922,1
1.7352812934714164,2.0342403196250136,-0.787376393129962,1.4680928168079945,-3.194581221839165,-2.830581308643453,-0.11013066028418651,1.4128576775580266,0
1.219629159930986,2.5608644597512003,0.14319531858718174,1.4515734939785987,-2.838924158032825,0.32285892710900255,0.8536319387733252,-0.3516966311226577,1
0.06357968758287313,0.5910344792795146,0.8656309792316405,-0.8596744232037739,-1.1996700341588156,2.768376820379064,-0.5278521704688116,1.3080917997860355,1
1.3137749140805162,0.787049987444471,-0.8003844818392328,0.7701474539121627,-2.4472008357434807,-0.7900979983781589,-0.36781523440860553,1.6778317868597616,0
0.9103985362466901,0.14177531715210157,0.24501004487801112,-0.04454697961894016,-1.3296574791919435,1.766677185007263,0.05819910258868935,0.9008967493339496,1
-0.7876895712637626,-1.0133148053401184,-0.30810822343988153,-2.646231958519233,3.564790385864169,2.010762118799404,0.6739568292627975,-1.403844968431306,0
0.5606524927688925,1.6122638461224312,0.522184399671068,-1.5358271147472098,0.640774116802341,-1.4258800009333659,0.40864123794488744,-0.07788916041012983,0
0.9645325012185211,0.40677939860077006,-1.8865574079043317,3.1657653486704382,-3.9673611750563307,-2.937137828009845,-1.0794147470545723,2.07667535660603,0
1.3586662479987608,1.2712785829670346,-0.21245252055052358,0.2673393962229733,0.523588826564589,-3.162359398852235,1.484886107731998,-1.51814152735776,0
-1.4404230788662291,0.9336757943064316,-1.5888365588721907,0.09093881466499987,-1.0092197705846806,0.17462719086924938,-1.3679795289022396,1.0169829482682422,0
-0.028802071693732056,2.6434791979545604,0.6983589290464489,-1.4229383848292554,0.6769259345858069,0.18174553467067778,0.994110581502402,-1.4156507981330435,0
0.9726102553611561,0.7033178612752131,-0.023695259305208743,1.7666387478110108,-2.8304811765967943,0.5135676523283363,-0.0074483392247135195,0.7755913336836208,1
1.488469501895635,1.0576986591184763,-0.44138336719609506,-1.1174482887144659,-1.0581462110017317,-0.98911062427366,-0.2160149686844793,1.7798536622120138,1
1.18671626658488,0.9063396055012436,-1.6720854347869087,0.9685433167113668,0.29246923625200766,-2.600455435413976,1.5782434782984744,-1.8679067555820819,0
1.296729955598595,0.2280961608716553,1.1411347252902109,-0.8328940016750335,-1.5077006775559616,0.8450413106176207,-0.5067500828063043,2.1980212280874096,0
1.329401486639576,0.34859474602294227,0.5491562299259992,-2.566273975359565,1.8672737848563326,-2.006443982467551,0.5655688231623311,0.3692909962561518,1
1.4055698199328348,1.7241222325517762,-1.6700859623893491,-0.06250742099928575,-1.915075639605078,1.2887669666556405,0.6038847279451276,0.4560048698987661,1
0.5158222500913715,2.73839174743015,-0.11871540214413655,-0.7471935645568345,-2.0435100260895407,-0.7862693176449993,-0.6426833662904,1.6503074762061556,1
1.8101992949619488,1.4500749379358129,0.17445646864611142,-2.1356888540951937,-0.8587280328304232,-1.7405899156323406,-0.46488676842231075,2.5429675671595504,1
1.7437852541145356,-0.6958737062099962,-0.3269349690601877,2.4209026538402556,-3.704785093966548,-0.168720178008829,-0.6098486242561474,2.294434212809871,1
-0.10150549101634398,0.4296175915326268,1.0702342121637998,1.310306252440549,-0.9872741047729809,0.4765622019826754,0.28718150973461704,-0.6539392972149303,0
-0.49218813366971115,1.8647449063505244,-1.0241689363880433,-0.8422898508481527,-1.4691237024487345,3.010891416996047,-0.4613287175964305,0.7606320843334864,1
0.5023133284197199,-0.12734372821529938,0.5178375344878146,-1.3865612804654501,1.8543523818807257,-1.3745114150510203,0.6224637630689062,-0.5634005163130504,1
1.1420188793082942,0.06147534959758538,0.744331924052433,1.8873429212196653,-3.413733915029625,0.5164887488924093,-0.6146987977336592,1.9058174692778622,1
3.133378953724796,3.0294222313634642,-0.31451384341674443,-1.0137917740219597,-2.0232959605633303,-1.002873556798653,1.2739604813662397,0.8458464117559467,0
-0.6645353990535325,4.045133441317514,0.2222594246616599,-1.6294021317008418,-1.1736271644791838,-1.5340932849710032,-0.9127813248745005,1.1061033122258954,1
1.137890450958184,1.0380563239269271,-0.05112512156951273,-0.7144647758155789,0.43416453312076597,-0.9646827583209043,1.037987369060232,-0.672636771965521,0
-0.19042797957193858,0.4159518574482811,-0.529182369231801,0.7352180967253494,-2.2975658721050882,1.8736412530711626,-0.9153520673198103,1.4622447671390844,1
1.7224891911164213,2.1528543753210787,-0.611900648218265,-0.9776377164624517,-0.9016664256262988,0.31517689141944505,1.0676796247595575,-0.004601029087142328,0
1.8724278896707205,1.7093752688444708,1.3283389070038634,-1.2601749436687903,-1.1396253346071568,0.4114766173794804,0.5960959938642563,0.9413570979905108,0
2.250062087787539,0.3569009157407219,-1.905255774156199,-2.5464422670197555,0.4252479767123778,-2.3779463679093453,-0.03056096602586409,2.1628045481514064,1
-0.41913298538272503,2.2732146764533763,0.06518433668054308,-0.411537850820307,-0.8849095357203343,-0.30142343525081916,-0.26478141121057347,0.16282379022385374,1
1.863585512837824,0.7469803016392176,0.3678493126816715,2.31114516625353,-3.716501094031268,-1.8720790441596882,-0.305837345917305,1.8045840335843035,0
1.2085332916931786,0.9038387386038389,0.3097729759733579,-1.4989590116102112,-0.4893665368521066,2.4060273529210185,0.5850124514660474,0.5372859971643076,1
0.14081664756403645,0.34149830826195093,-0.18263444595217382,1.891893853255699,-3.0670130987658437,1.063125438556598,-0.7978527104988725,1.3636108692370486,1
-0.3502773473027452,5.379585094273206,0.13899823714044612,2.232090286758061,-7.282627211170774,-3.25495553784668,-3.0590677944391835,4.443648209029831,0
0.3391404957171722,1.3213855334211988,0.7089017145374331,-0.40049927772784266,-1.6115902270690603,-1.2242621058694378,-1.0099247663903683,1.972486709127573,0
0.23205078983069416,1.948127737928444,0.4411414469947584,0.777124949569594,-3.0196159034398304,1.578042038628079,-0.4797663741300609,1.143528149449834,1
3.7050891675619577,-2.3305283070997214,-0.8372844408746072,0.6701172786559229,-1.592431665999344,-0.07720707410643424,0.7086640883363653,2.0112670663622065,1
2.7374561436950047,1.4591271397625092,0.6905876752582799,1.134583315212574,-3.339393743968957,-0.07257782258566281,0.7176889734544712,1.2088635083666095,1
-0.5718894305540587,1.9890733615396399,-0.5493428560924722,1.1251007648113367,-1.522621230362614,-2.6080493563012714,-0.638630523370264,0.2585592723344905,0
1.3994240628714776,1.4787658866147633,0.17279622439579334,-1.0401160825644922,-1.8060071060921368,2.776565148755017,0.30361180174143343,1.1853493798435117,0
-0.3241433150883226,1.221503118632909,-1.7979862844178165,-3.3807773430307746,3.463511368960292,-2.327985121845019,0.4836810657608067,-0.9022605973377209,1
-0.5001337089010278,0.48389754424915843,-0.25500087912229474,0.006097841318743802,-1.5555238613901627,2.6277291620157373,-0.776771750045077,1.1012438936163895,1
3.213416126115732,2.8375686815663324,-0.8817526405023415,1.3062775411543481,-2.4966329644128984,-2.0846813815942373,2.086183266445505,-0.7954538783206737,0
0.5146867311299508,1.2468860429862318,-0.5117391531730782,2.7052796636925667,-2.44385384839823,-2.1139243743955722,0.19514997765636793,-0.30107856977961767,0
0.1109122192211427,1.7021218731654049,-0.21274105025759749,-0.1897857483353217,-0.8725010186396063,-0.9482997942033842,-0.15921681326800544,0.3626640661385474,0
-0.2085553535598612,-0.569537729493024,-0.523048312028205,-0.15379257881417874,-1.0587537191149035,2.580530305764753,-0.7845866362539061,1.352765737295142,1
0.4168134009138088,2.300446188313044,1.1525577495848764,-0.4544768537506645,-2.072740521866808,0.06372375454775603,-0.5554559706660868,1.4450880170000766,0
2.8200724433721702,-1.2458064749117255,0.7023172637545575,-0.5522915530197412,-0.8136070316299647,-0.8662927712751352,0.23993972861120957,2.0912608609456482,1
2.3032492895557795,-0.9074545475829039,-0.07325535422672035,-2.468273165089064,1.317430795787104,-1.7031440015082784,0.34759695068196084,1.5868330946061526,1
2.3062878564601395,1.1367642279528574,0.20584530883306212,-0.26581293129916994,-1.9676081593612988,1.0855632605968835,0.7609320624344174,0.9924476695821414,1
-0.5348074362276531,2.69113307667859,0.20374223314548773,-1.138145361639826,-0.3202798145857546,-1.1088356827354084,-0.3468900812957037,0.21515876978107906,1
0.0160186143601585,1.6267391882995628,-1.8105080943772205,-2.8763460908856304,1.7914179067134,-1.842705650750657,-0.011020848748775765,0.23636917073168917,1
2.1966417642683904,1.6855552400581173,1.1846209733938016,0.16350400702452406,-1.8547029052848099,-0.2889042620279467,0.9827379302839143,0.37025726492369093,0
1.1977925324170997,0.5913877515155068,-1.3162626374250856,0.26107217430636753,-1.5396679317407282,1.250045367061423,0.3947773871461113,0.5358604019987648,1
2.4246562845041746,0.5784083646445595,-0.31420491578561494,1.551802806638636,-4.100342641604636,-1.6625197508916574,-0.7345766503746876,3.1242754247624207,0
2.5805991292234243,0.15278922338531498,-0.6448829018451635,-2.354333651181766,0.0834430047723332,-1.5778400901116512,0.15754543533611054,2.1937835823396172,1
-1.549149163175592,0.066988289549614,0.38930276885653475,2.5230341514343464,-1.351865352709878,-1.170276420275958,-0.9218199549001398,-0.2460289293955611,0
2.437191011482462,0.8559585982862151,1.4802199977516945,-0.8042860680414217,-1.8114581157348044,0.9236670708660148,0.45600465676906315,1.6531849394729266,0
2.4062595505831252,2.0407097105835916,-0.5990876721307947,-0.29852340104699837,-2.711020600475983,-1.4673889349854499,-0.0038519175712104,2.161513772234646,0
0.44815046347080645,-0.07507060019585676,-1.6672052212535244,0.8131433222022306,-0.16151301941781496,0.07539000763990034,0.7179175021912136,-0.87568735717966,1
1.279830682623432,0.1417843226555875,-0.1892546562806738,0.5570542009335933,-1.2869675378769654,-0.1290374515667546,0.28791688303554747,0.6130101143758644,1
1.8187379943317632,1.0768106774849855,-0.1313203212536334,1.1431544570952057,-1.1757635125318155,0.11028306825116918,1.706334012336745,-1.2720566943895535,1
2.3097416325456193,0.15026196845177076,-1.4131241036906812,3.356115454172043,-3.9803506479474877,-1.2674960912253452,0.34763556696497844,1.0387554408714774,0
0.3505457136757837,2.1783721909142724,0.07704078197800181,1.0297892467527765,-1.6956723961029674,-2.5055614060281304,-0.027022008806682134,0.10134281217195873,0
-0.9139693251547114,-0.6541780642421755,-1.0528009670303367,1.008820027208661,-2.784755959234723,2.355694530810741,-2.111981258398445,2.7776873291079456,1
0.6701565509337453,-0.19380186815845524,-2.327875204893753,-1.5896305795215784,2.3202429534089233,0.20581221169864716,1.3767155024112612,-1.5048191507498314,0
1.2841758970907595,1.1970019365579367,0.40395951774436467,1.983755083628843,-2.4033754705208596,-1.6662508011457509,0.4272501670348794,0.1271613075262007,0
-0.26253686699285006,-0.7485910061730079,-0.06885887448776284,-2.3368811136640226,4.8389987664626775,-1.7461502615976654,1.5301960576853761,-2.725363038501831,0
1.7687556710799344,2.016852036643929,-0.03554005387020659,-0.8004009274689055,-3.2057047462687724,-0.9050455552798409,-1.1026940489793433,3.5221835582943544,1
0.7780697967833401,1.9766071368854043,-0.7506628934000467,-0.7213585127863518,-1.444689128719644,-0.7612135401926363,-0.2994844285987358,1.2868070210144624,1
1.866250863489252,-0.6837696051776108,0.6860283334431239,-1.490968118242482,1.043270308818437,-1.2986227828561312,0.641728755368961,0.6390264184253871,1
-0.08555005912587843,2.4051209208790443,-0.017481069563082305,0.4215718116321405,-2.0055478919000365,-0.6140578490034669,-0.4237628873297711,0.6161753632131812,1
-1.0585605231110895,4.982105074470416,-1.1739833281206988,-0.32403938788164943,-3.552946265246353,-0.4292077111516771,-1.609701726865347,1.9059237509542344,1
1.7902953801143784,0.24318038945110465,0.5359628721934734,1.3878660453023781,-3.0040592377979993,0.4511485137913206,-0.030695737000465306,1.5742762069362026,1
-0.36912159776141973,-3.4649588451465894,-0.9463232934189341,3.4734605637120226,-2.999931600939548,0.6483517108401846,-2.113546965680034,2.745617048670459,1
1.4323025170348007,1.8383750925494367,-0.6231083539147448,-1.5914217202831988,-0.9943568524296806,1.471811012178002,0.501891614479336,0.8376488533204258,0
3.4384560884285036,1.5328351165560457,-1.1613756427826751,2.6539479907215577,-3.946375736637067,-1.6052734301927178,1.3817588730653927,0.43326451506504005,0
-0.7672295686243764,0.2690122156831801,-0.11689711547778896,-0.09128986727647992,-1.8045458518687687,-1.6768913083620403,-2.453067152455753,3.2629721549019246,0
1.4069085554657312,0.9033641273085067,0.6096842945859093,0.46104033931330324,-2.0837695919829633,1.109573970616746,0.34695389174757585,0.7821767298305748,1
2.3728166601909897,2.7996398652005463,-0.595443026194803,-0.16122272799075077,-1.586580473252848,-1.3705628381137893,1.4164885624940324,-0.2166018675435839,0
-0.6579707238153514,2.4907313574232015,-1.392991490750109,-2.532836385147916,1.4215746531307962,-1.795766520418209,-0.16088449257173534,-0.12582818913652627,1
-1.6951442922421376,2.1524897988658402,-0.6580711332804152,0.34436127469264566,-2.1850491042545577,-1.178146441532768,-2.1154517274971525,1.9263700790215488,0
2.291806416871487,-2.0998938905450233,-1.2664120918919912,-0.7465693641432551,1.4425553612689241,-1.0957816867314651,1.1270010499550498,0.10060070573862623,1
1.2256670787465496,0.5165290167892699,1.1352984270631057,1.6543221781067237,-3.9056597119941103,-2.832516759059283,-1.7392147752807479,3.59230378235607,0
0.6735690473964806,-0.22483661815199651,0.5857965323421259,-0.2879803272969442,0.9875011005901307,-0.5420602370652206,0.9035674046810597,-0.9236341002159489,1
0.5781429415482258,1.186235220542593,-0.21377350269694323,-0.5712814454250538,1.1941320134660274,-2.715784126741576,0.9795928696154349,-1.2537993117346595,0
3.201298183545022,-0.4661605662218484,1.4260428659432858,1.517999495982708,-4.154084601815533,0.3276066474583146,-0.23549651417206038,3.143759302036734,1
0.6646004156036301,1.5456161667400599,-0.05675609775737623,-1.917421698031443,0.38276074825660505,-1.62742473973396,-0.06530657688784855,0.8276411977194755,1
-1.2105961267521614,3.8867546207068444,-0.6696978876256563,0.45594654345448404,-2.4984388757370977,-0.17763768147484982,-0.8118372015597647,0.33464929441645586,0
1.4458653140442062,1.9071742938083098,0.7318124698204924,0.08981462978224419,-0.7893900828656436,0.9409958104002462,1.6880053736633007,-1.3580540422731846,1
0.13286758370070595,2.0755692569873876,-1.140890407544523,-1.339383897457227,0.2954904372665451,0.39230260189984323,0.6167995215715456,-0.6502414375378331,0
3.0542964300330904,0.37323990180089406,1.0541349519424592,2.040838001364149,-3.773590706775672,-0.2341506919955949,0.5976731269479338,1.5429082293140524,0
1.3814134813492074,-0.4874006085859939,1.240022604603377,1.0048565247022467,-3.234868832278601,-0.8875296665405076,-1.494075257102376,3.53672613249889,0
0.0550000401572055,1.0246540807986972,0.395240121922672,-0.104963014532366,-0.0366870390683739,-0.5149404116518799,0.32765007317661576,-0.4948249096296984,1
0.4499802509019222,0.34644049779199115,-0.2126822337937878,0.15024393795321966,-0.00969318224634906,-0.49975990988254304,0.4790793348325535,-0.44074222047870326,1
0.5787576661610274,-1.0572810787298952,0.036690082797352544,-1.790257661272996,3.9353436715630896,0.04495662016256974,2.062405665150071,-2.7566872740253,0
1.3867690554649639,0.49084181832731477,2.235708514789246,-0.10917217750507513,-2.2901310413905134,-0.4403140553738297,-0.8174170330183236,2.6109469707073396,0
2.2847315540439572,2.647435896543185,0.027249184539129334,-0.5525606914991479,-0.33013831877593264,1.1235509166395832,2.7088219418222867,-2.186616351193546,0
1.6984917469596228,1.4972222235113253,1.3668673505730067,1.1175450271769012,-3.349203532813502,-2.556314972459133,-0.6994743024057485,2.4062592922755215,0
-0.6122339189633046,1.5074384402017693,-0.14365266621321743,1.508066433222151,-1.2820074157578327,-1.7839381972463602,-0.24870573616914907,-0.4123166861169607,0
-1.1185154256617387,0.8540370103947913,0.8840484699591525,1.9575852048629088,-1.200882747822407,-1.446403786194403,-0.5125723333393223,-0.47316215804447426,0
1.4291680741793116,-0.39377209710785355,0.5134680966131816,0.7514550315152848,-0.830582588516899,-0.3382282138785302,0.5906111024522992,0.18322235356643102,1
1.8570792511023102,1.0123966278547136,-0.7829551067526382,2.889691038852521,-2.9608051414176466,-0.9256679412434263,1.0800451132719575,-0.47974742606091936,1
1.2407459197077562,1.7252601203994828,-0.05077473801189678,-0.21588356367021078,-2.158867461860926,-0.8746750369629019,-0.3753520508205368,1.7582856752078613,1
1.6729862755665432,0.9990185769177239,-1.043993251238879,1.0376970639849121,-3.2476899579335057,-0.16404775645994674,-0.3298972131094433,1.976595903953361,1
-1.8041382483529267,1.2192117729135619,1.1159241135686486,-1.0304481908256249,-1.5012749770437068,4.12834562612472,-1.6475783512910773,1.6494709033804282,1
0.7175175106796978,2.04333358673797,-2.0786949088759643,1.0830556135435985,-3.1075555302097073,-0.6245356263864807,-0.4961612413016421,1.378957756228659,0
-0.7610545127768036,-0.059044974014008655,1.0924506330228774,-1.1194226432209473,2.8830698060014193,-1.9066090207950275,0.6080245045410332,-1.7603500039266957,0
1.126983983696523,0.139509739391256,0.8021091850591101,0.7381449353509184,-2.734115570128258,1.2785911116350304,-0.5740237388328359,2.022149475851713,1
0.7720014042718547,0.8012198607959112,-1.4549671324166709,-1.4114859260042483,0.43157084028877923,-1.3231968731269401,0.0911216955877037,0.609467917075469,1
2.5458084490149853,1.4869677850172591,-0.019049889149286032,0.7503732268672314,-1.8784275901869676,0.06670828486576441,1.60230116749222,-0.385307224371936,1
3.3372047481175326,2.853964554319525,1.71713084142316,0.8199524713351367,-2.2428197731275445,-2.4465093700638105,1.9915371539597613,-0.5050713512751501,0
-0.6924698286241087,-0.8708258172212806,1.7060492435631955,2.311948236168619,-3.370294505664268,-2.7222351018818873,-2.9803410866822966,3.811081806393308,0
0.339907123343305,0.9757826140137642,-0.2808273813954111,0.21720694255676698,-1.7701276267555492,1.8571163786067129,-0.13055799876052912,0.7092205237284346,1
1.4594515794588214,-0.1924027237288235,0.07414134441533902,0.20935933411612373,2.586212392438657,-2.952604597863593,2.578767574788082,-3.280446722545729,0
0.9635985266754106,2.2654732337651255,0.959851630148757,-0.4884240045630792,-0.6357049766273981,-1.5355957702815815,0.6254917588057228,-0.17407523387294377,1
2.251485792674238,-0.9927663658151904,0.6741822405964416,2.095067593999959,-2.691265032044878,-0.3418930487990468,0.22243597169936236,1.3746750243798407,1
0.5435489883017623,0.7565423516215101,-0.07088565895719531,0.8890600942552277,-1.6292709471608464,1.2604810690066248,0.32144867720538023,0.003747184675980675,1
2.7264805656641835,1.6922864466418108,0.815922850652615,-1.150955108602751,0.38364711883244657,-0.7246095992662531,2.3029546725394163,-1.2489827646167833,0
2.578207727339488,1.8355260536164226,2.4094499743962374,1.753228508123129,-3.835111158714163,-0.4652579395092997,0.6748064126453475,1.0465982910124294,1
1.130169581014438,1.7126176229331906,-1.1243892671720195,1.3534291383376382,-2.6138931800935175,0.5416484772602359,0.5393228130318349,0.09100493855548342,1
1.971702233279814,2.128041250617115,2.1023891160789825,2.3845106274668324,-1.187453450507923,0.4462196512815353,3.2416453090449826,-3.76018056305998,0
-0.41405984741930335,1.1918223923005322,0.45603714332355166,-0.7479623046634587,-0.6242958713154426,2.8102491773268334,-0.017592300136182876,0.03752462838763371,1
0.3852733560418834,3.5881015036464703,-1.420894576460897,0.9304288275259234,-4.125289999606672,-1.5040351267947152,-1.1510538977010902,2.1632622949888543,0
1.5949320984253093,1.291336459805963,-0.9118846841318767,0.04870647015306151,-0.6464094705105187,-0.13874439848329267,1.310370874087718,-0.7103362987898785,0
0.10196055714780583,0.6599460028212767,0.7797591356112996,2.5985347064056024,-3.901446209776305,0.6092777196535968,-1.0222736444911478,1.5960855555333202,1
0.35135611555984914,3.0451300708456506,0.2924858853353183,-2.320423000361968,-0.7009623791900531,-1.7820233049934369,-0.7646791842792295,1.7955485941473495,1
1.3616464413911564,0.7531861475101249,0.23907674114832655,1.0290974630857193,-2.062586048819767,0.7495771050639006,0.5361960450432763,0.32500095420618436,1
-0.3244712554872209,1.3110370479270133,-1.0385670503884354,1.1003703194362926,-0.4124551826858374,0.5085942645700026,0.9178164543562398,-1.84997617046532,0
0.8822485725746221,1.1054843889755377,-0.36646609895366883,0.27664330148857363,-1.7278850651942372,-0.2257192350611199,-0.10799597689595714,0.9702971651961566,1
-0.2664493668651917,0.8803702390779344,1.2669674772772461,3.2755705425688193,-2.8587932795121924,-3.174432196328841,-0.8261506401392317,0.5216153846947661,0
0.8184393557829528,2.1249441301015133,0.09052025744408522,-0.012843258921740874,-2.5310314390518505,1.7111466271729492,-0.018769774171866548,1.0107327997612026,1
2.406496148946716,-0.9133044881673331,0.5164710008944726,4.266575837182514,-5.672809369973989,-2.4436555339191015,-1.2438627959157922,3.5355170854996665,0
1.6185433791369022,1.048798267056881,-0.842258218771661,-1.6175700037390217,1.9935119571962547,-1.3844351760620155,2.024056184020111,-1.8220498425166007,0
1.515362023836634,1.4839195160678127,-0.8669344996065056,-0.19772280769770334,-3.0821034153290228,-2.5070250448264932,-1.4698786196012765,3.672609624412688,0
2.071077999819871,1.080601495787223,0.4832960567518669,-1.701034781021043,1.394186253864558,-0.4012813354409276,2.071871823723757,-1.3908670844454885,0
2.4496639955464112,1.2830014701306718,1.8099623530155706,-1.3957127512421375,1.4672857171943925,-1.1810778043826762,2.524832224110313,-1.9006897537254854,0
1.6221722389018634,0.2511539621817327,0.2366592592832202,-0.9063942007962021,-0.5039249995737757,-0.9821514495952719,0.0865454730332968,1.3441427300181572,1
0.48631889353902835,2.4634251593324965,-0.36271851490886897,0.47289670136514594,-3.042901643169866,-0.050236547428030076,-0.6596453364802713,1.5767136876124452,1
1.2823702050380408,3.06885535182065,-0.9968072886312191,-0.3729358349909675,-1.6528395418594521,1.3721358904266931,1.226988179205724,-0.6042197184921121,1
0.4303404307643166,0.3289256591232691,0.568996546324728,-2.0877842494675556,0.4473655224081408,2.868276382097372,0.2270026475642952,0.5141702580032272,0
1.581371426442421,-0.03607986517872264,-0.8920697273957323,-1.2868965870001645,5.497137526005252,-5.413172140756284,3.5999694375373554,-4.931479632633245,0
2.1770337887385893,-0.19448568577181846,-0.5938030547207287,2.364243438755706,-4.027958570906804,0.9444289460012578,-0.056473217860369906,1.8910046329446375,1
-0.40311885143955895,2.4146977636774105,-0.8229141910673116,-0.5463483377847231,0.11764106901867236,-0.4700168423519958,0.5332061341124046,-1.149703255708602,0
-0.05191450814540843,1.4712579792268867,0.13976700757940505,0.2094404790063733,-0.8038744167953055,-0.4831555805627742,0.03884949777363646,-0.12464575297767788,1
3.0535435578068273,2.1298211949508263,1.0016892526767112,0.7200047213819007,-2.9772129653324613,-0.03240685265827903,1.3388859136860205,0.5325880758285476,1
-0.10799821376087215,1.9589064304677348,0.26185124609255817,-1.4388565127630994,-1.0632953765957922,3.1830930761665996,-0.1281751836072832,0.6373022262382937,1
2.728236649635428,-2.349302198501633,1.414786641368047,0.15469698830066814,0.057341993980567565,-0.26197991551549316,0.9660257076996338,0.7343888003792929,1
2.275088794214337,0.6447125763388212,1.471889048339583,-2.259999523952942,3.65776404803289,-2.3271981046672043,3.061156128480272,-2.9888494172308215,0
1.585406692040868,0.961197377887165,-0.08345150375934453,1.2397752203350132,-3.5915409462150873,0.6903949046348175,-0.3561060538316905,1.9960687896787863,1
0.8293447850162144,0.6777641855661636,0.5644355716747005,-0.8925296823176175,-0.041376662524057695,-0.8889012794930603,0.12394103412349687,0.5856483977562633,1
1.3744325432217108,1.0239172875313756,0.29672229894620095,-0.18765103155880292,-2.0466921496280466,-0.6081214578676616,-0.446786442636257,1.9941890223714258,0
2.515348689314954,-0.4314480415767912,0.12644838508985817,-1.6269329587650214,3.8604574172139388,-0.6366097794269314,3.715840360528702,-3.81656516259227,0
1.486247982615283,0.605252982555234,-2.076350331921509,-3.5072007328219925,4.009298286442534,-0.3059531535563198,2.434755765098933,-2.339173445333374,0
1.0124833628221839,0.5763044294487194,1.498468793444739,2.802940344640695,-2.2678164120921704,-0.5164800600407331,0.8519775111602834,-0.8341990433232414,0
-0.2188527505310811,1.8188257122954363,1.7512968657241117,0.7274408574155617,-2.5504950612269335,1.8157465368968126,-0.4630383014983903,0.7291976564474668,1
