store_id,promo,price,temp_c,dow,units
37,1,2.59,12.4,5,143.3
25,1,6.98,3.4,6,73.3
27,1,4.05,22.2,6,127.5
35,1,8.3,24.2,5,84.2
23,0,8.26,37.6,1,78.6
31,0,8.55,22.0,3,53.8
33,1,3.79,10.3,0,120.0
9,0,2.0,8.0,1,105.0
3,0,4.71,-12.6,1,69.2
12,0,8.74,10.2,4,51.2
12,1,7.35,13.6,2,83.7
35,0,2.42,22.7,5,118.5
36,0,6.92,19.9,4,61.7
1,0,8.42,19.7,6,60.6
20,1,8.77,16.7,0,80.2
33,0,7.01,20.3,1,66.3
6,1,8.04,26.6,5,99.6
32,1,7.89,6.5,0,62.8
5,0,4.51,11.3,1,75.1
19,0,2.69,3.9,4,89.2
32,0,7.09,27.9,2,72.1
12,1,2.96,25.4,5,140.3
14,1,4.69,21.0,0,116.8
11,1,8.97,5.4,0,63.7
29,0,5.92,16.4,6,84.2
10,1,5.65,13.1,4,99.0
39,0,8.64,15.6,1,42.8
18,0,3.99,13.5,1,85.4
19,0,9.0,19.2,1,62.5
20,0,8.38,11.8,6,38.7
23,0,4.55,21.8,2,93.2
22,1,4.29,16.9,2,126.5
20,1,2.89,12.7,6,133.6
39,0,8.41,14.1,0,46.4
32,0,3.3,11.5,5,100.9
31,0,2.06,21.5,5,125.8
28,0,8.23,12.8,0,59.3
25,1,6.19,17.4,2,94.7
14,0,6.7,11.9,6,73.4
39,1,7.13,3.1,2,81.3
19,1,2.3,22.2,5,150.5
9,0,2.64,6.5,0,108.5
33,0,5.5,20.4,5,85.0
7,0,2.35,18.4,2,103.7
34,1,5.53,1.8,1,96.3
24,1,7.15,7.4,0,93.7
5,1,6.6,10.9,5,98.1
2,0,6.32,8.4,1,68.1
18,1,2.32,5.5,4,141.8
2,1,3.66,20.9,4,120.7
6,0,8.28,13.1,2,57.2
21,0,2.86,18.1,2,103.9
38,0,5.73,11.6,0,75.1
19,1,2.35,17.4,4,137.1
32,1,8.57,9.0,3,79.9
36,0,3.2,14.8,6,98.8
33,1,4.87,19.7,1,111.3
25,1,5.83,15.4,4,92.4
18,0,7.03,11.3,0,65.2
21,0,8.56,6.3,0,41.0
11,1,7.15,16.3,3,92.6
20,1,4.43,17.8,6,113.7
15,0,2.53,12.9,4,104.1
10,1,6.95,8.8,1,92.2
39,1,8.81,19.3,6,78.7
1,0,2.12,34.9,2,131.5
4,0,7.42,12.6,2,62.8
8,0,3.23,17.7,3,101.4
38,1,5.22,18.0,6,103.5
27,1,5.66,-5.5,4,92.7
35,1,6.3,16.0,2,99.0
8,1,8.93,9.3,2,73.5
29,1,6.81,26.1,1,89.1
15,0,4.75,13.0,3,75.3
20,1,7.01,8.8,6,75.6
1,1,5.27,13.3,4,100.3
25,0,4.89,16.3,2,92.8
33,0,4.56,10.5,3,88.5
26,1,5.45,14.6,1,104.7
7,1,3.97,4.2,1,111.4
21,1,3.69,13.2,4,125.1
11,0,3.04,21.2,2,106.3
38,1,5.08,30.8,0,123.8
35,1,4.05,20.7,2,123.9
8,1,7.86,17.2,3,71.0
20,1,7.94,24.5,2,86.9
37,0,4.41,23.2,3,104.8
34,1,6.33,28.3,4,105.1
28,0,8.32,23.7,2,59.1
25,0,4.51,14.1,3,84.8
2,0,5.88,17.1,2,74.9
29,1,5.1,16.4,2,116.4
19,0,6.55,17.4,3,70.1
4,1,8.72,16.6,4,69.3
10,0,2.97,8.7,0,80.1
22,0,8.76,-1.8,5,34.9
29,0,6.66,9.6,5,55.6
20,0,7.57,-1.2,4,36.2
24,0,6.45,15.5,1,75.9
34,1,8.09,15.0,2,84.4
27,1,4.28,1.6,5,97.1
15,1,6.96,20.5,6,103.4
26,0,3.85,21.9,6,106.7
24,0,5.56,15.8,0,75.1
5,1,6.77,28.3,4,107.7
3,1,3.41,30.0,5,129.8
26,0,2.43,5.4,5,97.0
16,0,7.54,23.3,2,58.4
24,1,7.66,18.5,4,80.4
13,0,6.66,18.3,2,76.6
9,0,4.25,22.5,0,89.6
6,1,6.61,9.2,5,85.7
15,0,2.59,10.3,0,97.9
32,0,6.64,8.4,4,64.8
16,0,6.03,9.0,2,67.9
15,0,6.32,14.2,6,79.5
23,1,5.13,3.4,2,94.7
39,0,3.58,6.6,6,86.5
16,1,7.08,19.6,2,90.4
24,0,5.25,14.4,0,81.9
18,1,7.22,18.1,2,85.3
24,0,4.55,-0.1,3,78.3
18,1,2.61,8.7,6,141.0
25,0,5.8,10.6,5,72.9
22,0,6.36,15.3,2,72.0
27,0,8.45,10.3,0,56.0
38,1,8.21,22.5,2,81.1
6,0,2.4,14.5,3,103.7
22,1,7.4,15.1,3,80.1
18,0,3.83,15.1,6,101.0
14,0,6.88,20.7,2,74.2
10,0,4.66,11.2,1,83.7
3,0,4.25,24.0,2,99.0
16,1,5.42,18.7,0,116.0
33,1,5.71,16.2,0,108.8
4,1,6.86,15.3,2,83.5
16,1,6.47,19.2,1,98.7
38,0,6.75,23.1,2,74.9
38,0,4.69,22.6,5,100.7
9,1,6.74,18.0,2,93.9
1,1,4.42,22.0,5,119.6
27,1,6.25,15.9,3,95.4
1,1,5.22,25.0,1,104.6
12,0,5.94,14.8,5,78.1
20,0,2.12,-1.6,1,94.8
35,0,5.49,25.7,3,91.0
4,1,3.54,15.9,0,117.8
26,1,4.7,5.6,4,102.0
21,1,2.52,13.4,5,128.7
6,0,6.6,7.9,0,57.0
33,1,8.25,31.8,3,96.1
33,1,4.48,19.0,0,114.7
19,0,2.74,2.5,4,98.4
37,0,6.34,19.4,6,71.4
24,1,2.89,11.8,4,127.4
36,1,8.24,30.3,2,80.6
38,0,2.86,6.6,4,95.0
23,1,4.53,-3.0,6,99.3
11,1,5.46,15.5,3,108.8
6,1,2.83,12.2,2,128.7
22,0,4.23,11.7,1,87.9
8,0,3.93,-2.1,4,85.8
30,0,6.99,18.4,6,72.2
37,1,8.9,28.4,4,86.1
10,0,4.54,-0.3,6,84.0
22,0,7.54,24.4,0,67.2
2,1,2.98,10.5,0,123.1
8,1,6.06,33.8,0,116.2
15,1,5.03,18.5,6,112.3
35,0,4.02,13.5,3,94.7
38,0,7.75,23.8,4,71.8
26,0,7.22,19.2,0,71.6
23,0,2.94,10.3,0,97.8
23,1,4.05,20.7,2,115.1
3,0,7.74,10.9,5,57.6
15,0,8.95,0.7,1,34.5
39,1,6.28,31.3,5,119.7
17,0,8.1,12.2,2,50.2
9,1,8.89,10.1,5,70.1
10,1,7.18,17.7,3,95.1
28,1,6.51,2.5,2,82.0
2,0,3.55,4.2,2,88.4
38,0,4.59,11.0,2,95.2
35,0,6.36,10.8,2,76.9
23,1,8.48,15.6,3,80.4
19,0,4.11,24.0,3,101.5
30,0,4.77,11.2,4,77.6
22,0,2.16,18.9,4,117.7
19,0,6.88,19.8,2,70.5
13,0,5.1,6.3,0,77.6
18,0,7.58,16.8,3,58.0
30,1,3.64,7.5,6,119.1
3,0,6.62,23.5,6,77.5
1,1,6.71,18.6,3,97.7
29,1,5.25,15.1,6,118.5
15,1,3.32,4.3,6,121.8
32,1,4.82,15.9,2,101.7
2,1,7.22,8.9,0,77.4
36,1,3.32,20.6,3,120.2
5,0,2.63,14.0,0,101.2
17,1,5.24,8.5,5,108.1
38,1,3.64,22.4,0,130.5
5,1,7.6,20.8,1,85.6
26,1,7.72,10.3,6,84.2
29,1,8.62,24.3,3,77.7
17,1,7.88,12.6,2,71.4
4,0,6.53,12.5,0,59.3
21,1,3.31,16.0,5,123.9
17,1,7.76,9.0,3,86.7
35,1,7.1,11.5,4,78.4
27,0,7.23,13.7,0,69.4
14,0,6.88,27.2,0,84.1
3,0,7.81,27.0,4,66.0
24,1,4.08,12.9,2,116.0
11,1,6.71,27.9,5,102.6
27,0,5.62,14.7,2,77.9
34,0,4.36,18.0,1,96.6
14,0,4.29,22.1,3,96.7
36,1,3.09,17.3,0,135.2
21,1,5.44,34.3,5,130.6
21,1,4.58,16.9,4,116.8
30,1,4.95,5.4,0,103.9
31,1,7.96,25.4,6,92.0
36,0,6.77,11.7,6,69.8
39,1,6.76,12.6,4,83.9
6,1,8.89,-8.9,3,55.5
17,1,3.52,23.0,3,130.9
37,1,5.56,21.5,2,103.9
12,0,2.65,21.4,4,124.5
1,0,4.75,22.8,4,87.0
23,0,8.65,28.5,6,58.1
30,0,2.6,14.6,1,108.3
29,1,7.3,22.5,5,84.7
32,0,8.06,9.0,4,45.6
26,1,5.56,12.2,4,92.5
6,1,7.58,23.5,2,85.7
34,0,5.09,18.1,6,88.0
17,1,4.47,4.3,3,107.6
34,0,5.54,17.9,2,88.0
32,1,3.36,13.5,1,128.4
38,0,4.15,8.5,2,94.1
1,0,4.14,18.5,1,98.7
34,1,8.92,11.8,2,66.6
25,1,4.35,2.4,6,115.0
19,1,3.6,6.1,5,115.4
31,1,8.58,29.2,4,82.8
38,1,2.97,2.9,6,130.9
21,0,8.76,16.8,2,54.6
4,0,7.97,19.9,2,61.2
29,0,6.53,20.1,5,81.2
9,1,4.99,5.2,1,106.7
9,0,3.38,12.4,6,92.3
8,1,2.74,16.1,0,131.0
8,1,2.73,21.4,1,128.8
36,0,4.44,9.8,3,86.1
15,1,4.85,5.7,6,102.1
5,1,8.47,23.0,4,90.7
7,0,5.75,23.8,0,87.2
16,1,8.93,18.0,6,72.4
14,0,7.05,10.1,4,60.7
13,1,3.02,18.3,2,123.4
37,0,5.87,15.9,1,76.9
34,0,3.12,21.7,1,110.7
23,0,2.27,5.0,1,103.7
39,0,8.61,15.9,0,39.0
14,1,4.36,13.7,3,112.2
6,1,3.33,6.1,2,121.0
11,0,2.71,16.7,4,109.1
4,1,6.56,15.3,5,104.5
38,0,5.23,11.7,3,71.6
9,0,2.08,18.2,3,117.6
18,0,7.01,3.6,4,52.0
8,1,3.8,14.6,5,124.4
39,1,7.46,18.5,6,94.0
7,1,5.42,17.3,3,111.1
21,1,5.75,23.6,1,105.5
38,0,5.2,5.4,3,75.7
21,0,6.73,2.9,1,51.0
36,1,8.93,16.9,3,64.9
35,0,7.59,18.6,4,65.8
30,1,2.48,32.0,1,146.4
29,0,5.46,19.9,2,74.0
23,1,3.64,8.0,0,111.4
23,1,2.72,21.4,2,136.0
33,1,3.37,8.2,6,131.5
17,1,3.74,3.1,3,117.9
37,1,8.72,35.9,3,95.3
35,0,7.21,17.6,4,54.5
15,0,7.97,20.7,6,62.9
17,1,6.89,19.5,6,100.7
28,0,4.21,29.5,0,105.6
36,0,4.74,17.3,6,94.0
4,1,5.08,24.7,1,114.8
3,1,4.05,6.8,5,125.2
10,0,4.95,3.9,0,84.6
17,0,7.4,26.4,2,69.9
7,0,2.53,26.8,2,111.2
21,1,3.94,19.1,6,137.8
22,1,5.35,16.8,2,104.0
38,0,6.73,16.3,4,75.9
30,0,6.52,9.5,2,76.8
10,0,7.07,27.3,1,68.7
31,1,2.74,20.3,5,139.6
32,1,3.27,19.0,6,129.7
27,0,4.16,18.0,5,100.6
27,1,3.97,23.4,1,127.6
13,0,7.29,19.0,5,80.3
28,0,8.95,21.0,4,55.0
6,0,6.78,5.6,3,59.7
25,0,2.23,19.1,4,120.5
36,0,4.08,32.5,4,105.3
38,0,7.62,10.9,6,56.8
12,1,8.47,14.0,1,88.8
13,0,6.16,22.1,4,73.9
25,1,4.44,22.7,1,117.7
16,0,4.49,20.0,6,96.3
29,1,6.43,2.1,2,78.9
8,0,8.05,19.0,0,45.7
7,1,4.39,5.5,5,116.7
2,0,3.33,8.4,0,90.0
19,0,2.02,19.4,1,112.7
9,0,2.96,12.6,1,99.4
12,0,7.96,21.5,2,55.3
36,1,6.37,40.2,4,109.8
32,1,8.93,21.2,4,77.7
33,0,2.49,20.8,2,127.0
24,0,4.56,7.8,6,90.0
5,0,7.57,9.9,0,60.1
30,0,6.63,6.5,1,52.8
24,0,2.47,10.7,1,104.6
36,1,4.81,6.3,1,96.9
19,1,6.46,9.7,4,95.7
7,1,6.81,13.3,5,92.2
24,0,5.16,7.0,2,76.5
18,0,3.32,3.6,3,90.5
26,0,8.76,4.1,5,39.2
15,0,5.27,18.6,5,78.3
12,1,7.02,15.5,3,93.8
5,1,5.74,23.2,5,103.4
38,0,2.56,23.4,6,110.0
30,0,3.66,12.3,3,92.9
19,1,2.44,20.4,5,136.5
10,1,3.34,3.5,4,117.3
25,1,3.4,33.3,3,145.0
17,0,4.9,24.6,3,94.3
25,0,4.25,13.3,2,91.1
4,0,4.54,5.7,6,84.2
8,1,7.72,18.0,1,90.9
29,0,2.15,0.0,2,88.1
3,0,2.72,8.8,2,103.0
27,0,7.65,21.0,1,58.2
17,0,5.74,15.6,2,70.2
1,1,5.07,11.1,4,105.4
30,0,3.87,22.6,2,98.6
28,0,5.8,6.7,1,73.4
32,1,3.55,17.3,1,131.4
35,1,8.01,11.0,3,63.4
29,1,7.77,8.2,3,77.0
33,1,4.25,18.7,2,131.0
5,0,2.17,7.1,0,109.9
36,0,8.21,30.2,3,74.5
36,1,4.09,10.3,6,117.6
28,1,6.6,30.9,3,98.1
32,0,8.01,6.2,3,41.8
29,1,7.59,19.8,4,92.7
35,0,8.04,5.4,0,53.3
35,0,5.42,4.3,3,67.2
21,1,7.9,16.3,2,81.0
32,0,5.23,20.4,3,87.9
36,1,3.85,4.8,1,101.4
12,0,5.37,24.5,0,86.1
2,0,4.35,8.6,1,94.9
7,0,7.37,16.0,4,75.5
2,1,7.82,18.0,3,84.1
17,1,2.99,19.8,0,143.1
1,0,3.15,0.6,1,87.1
11,1,4.69,27.9,5,120.6
10,0,5.24,19.5,1,72.0
28,1,8.69,11.6,5,80.1
10,0,8.59,6.8,4,41.2
38,0,8.77,1.4,4,51.5
8,1,7.11,4.1,3,82.4
38,1,6.74,19.4,1,97.3
23,0,3.89,12.3,4,81.7
10,0,4.61,5.9,3,89.6
2,1,2.02,10.8,3,131.9
12,0,7.83,27.5,4,66.3
24,1,3.93,12.4,3,104.0
5,1,2.55,10.3,0,134.2
7,0,4.21,25.8,2,106.2
5,0,4.26,18.7,4,90.5
27,1,7.07,15.4,2,90.4
4,1,2.04,10.1,1,135.7
1,0,3.61,2.6,3,93.2
18,1,8.28,5.6,2,71.1
13,1,7.98,11.2,2,88.1
23,0,6.4,13.2,1,68.0
37,1,5.91,17.8,5,102.1
34,1,3.56,19.4,4,123.6
21,1,8.13,16.8,1,65.6
26,1,7.33,16.8,5,86.6
32,1,5.59,6.9,1,103.1
18,1,3.13,-2.2,1,114.8
26,0,3.51,10.8,2,90.0
9,1,4.66,7.4,6,111.4
24,1,4.32,9.8,5,102.4
10,0,2.43,12.8,4,105.1
8,0,4.84,5.1,5,83.9
30,1,5.14,6.1,5,107.9
23,1,4.01,14.2,3,113.3
15,1,4.69,15.9,6,121.3
2,1,4.33,9.8,2,122.6
10,0,4.64,19.0,2,88.2
32,1,6.33,13.2,4,99.5
19,0,5.48,6.8,6,66.7
38,0,3.38,15.3,5,91.0
36,0,7.57,30.1,6,78.5
34,0,5.59,9.6,1,74.5
1,0,5.21,24.3,3,90.8
2,1,6.99,26.0,4,95.6
23,0,7.26,27.0,6,73.5
14,1,7.94,8.4,4,80.8
33,1,7.68,31.1,6,109.9
13,0,6.68,15.9,2,67.6
6,0,7.05,13.0,4,53.2
5,1,3.1,13.2,1,133.4
12,1,6.89,19.8,1,98.7
25,0,3.78,15.4,4,100.2
5,1,3.8,13.6,1,120.6
32,0,2.84,25.3,1,126.9
12,0,4.78,9.2,0,82.1
13,1,2.14,6.7,2,132.8
26,0,6.6,21.3,1,62.9
34,0,7.24,20.6,3,63.9
17,0,7.43,23.8,4,64.0
32,0,2.9,6.4,6,100.1
12,0,6.49,23.7,4,79.1
6,0,7.87,18.9,1,55.5
33,0,2.25,29.1,2,132.0
30,0,3.35,5.0,0,85.5
30,1,3.87,16.7,3,118.6
35,0,5.23,12.8,3,81.7
20,0,3.21,2.3,5,86.5
8,0,5.77,9.3,6,78.7
23,1,4.41,24.0,6,128.8
23,1,6.59,11.2,0,89.3
16,0,5.72,9.2,0,84.2
25,1,6.8,21.9,4,98.1
11,0,3.72,22.9,6,107.4
24,1,6.95,22.9,0,91.2
31,0,7.14,8.7,5,51.8
4,1,7.05,14.5,3,85.5
18,1,2.48,23.2,3,137.8
26,0,8.62,9.8,0,42.9
2,1,6.04,9.0,3,99.1
25,0,3.91,21.6,4,85.5
36,1,5.04,27.5,4,112.0
33,0,5.62,5.8,2,60.0
27,0,5.62,-5.8,4,69.7
32,0,3.74,3.4,4,83.5
15,1,3.85,6.9,5,113.5
13,1,4.55,13.9,1,106.0
4,1,7.47,19.9,6,98.0
29,0,5.06,13.8,0,80.2
13,0,2.27,9.4,0,107.0
34,0,5.17,16.2,1,71.3
19,0,3.41,7.3,0,100.2
35,1,2.09,14.6,1,138.9
6,1,8.84,9.9,3,72.0
7,0,4.06,36.4,1,117.7
14,0,5.76,21.5,2,81.0
2,0,4.51,8.3,1,82.5
20,1,2.37,7.0,6,135.1
26,1,8.31,11.5,3,77.5
26,0,8.55,1.8,4,38.4
9,1,3.31,9.2,3,120.9
7,0,4.93,9.1,3,77.1
22,0,4.62,22.1,5,100.8
25,0,3.17,11.6,6,107.5
37,1,6.63,8.7,3,88.7
35,1,7.47,4.3,3,88.5
15,0,7.32,5.6,3,45.4
7,1,6.73,14.5,3,91.0
10,0,2.12,13.3,4,120.5
35,1,3.61,24.1,1,127.2
18,1,5.6,10.0,5,92.9
39,1,6.92,23.5,0,106.2
26,0,4.7,17.1,4,92.0
24,1,5.14,15.0,6,103.7
4,0,7.89,-1.1,0,48.5
24,1,2.16,4.7,6,124.8
15,1,3.88,20.9,3,116.5
33,1,4.03,26.2,5,129.5
6,1,8.95,16.7,0,70.2
8,1,3.59,21.1,6,123.9
26,0,2.33,11.7,4,104.7
27,0,4.92,12.0,4,76.5
33,1,6.55,9.7,0,90.6
21,0,3.07,22.8,2,108.7
15,0,7.88,17.7,3,63.5
12,1,3.38,13.1,1,120.3
15,1,6.93,12.4,1,80.8
26,0,3.13,19.5,4,97.6
22,0,8.17,17.6,5,57.7
12,1,3.41,8.3,1,128.2
9,0,7.12,28.7,0,80.1
28,1,7.87,17.1,1,79.8
10,0,3.78,15.1,4,101.6
9,0,2.65,26.8,3,109.0
13,1,6.1,23.2,4,111.4
34,1,5.49,14.3,6,104.7
18,0,5.36,19.3,1,88.9
24,0,7.47,6.4,4,57.6
4,1,5.24,9.9,4,101.2
14,0,5.48,-3.1,5,70.1
30,1,5.41,24.8,2,106.7
31,0,5.18,-0.2,0,69.9
23,1,4.84,20.5,1,121.7
35,1,3.13,8.4,0,146.4
12,0,4.07,7.2,1,91.0
7,1,3.85,13.4,5,122.4
4,1,3.74,17.1,0,116.8
8,1,7.48,19.9,1,96.0
30,1,2.8,29.2,4,131.5
36,0,3.44,17.9,1,96.5
6,1,5.68,22.0,0,110.5
20,0,4.19,10.2,3,80.8
6,0,3.68,20.7,1,110.6
33,1,4.61,16.2,4,120.5
6,0,5.51,11.3,0,73.0
25,1,6.72,14.2,0,88.9
4,0,8.81,14.5,5,42.7
29,0,7.97,16.5,4,48.8
36,0,5.01,18.2,3,89.4
29,1,5.16,10.9,4,108.2
11,1,4.91,9.1,3,107.5
33,0,3.67,21.0,3,103.3
12,0,8.66,1.4,4,35.2
30,1,2.48,10.1,0,131.4
33,0,3.43,27.4,5,103.2
19,1,6.63,-6.7,4,76.4
25,0,6.13,9.5,4,78.0
34,1,3.95,20.5,6,134.6
8,0,8.56,1.8,3,37.1
1,1,4.87,35.8,6,128.1
17,0,6.17,-5.7,2,64.8
8,0,2.64,26.5,0,126.6
35,1,8.24,27.5,3,79.4
34,1,2.72,22.3,5,137.2
15,0,4.76,13.2,6,89.5
13,1,8.2,17.9,4,88.5
28,0,8.61,7.8,3,39.1
18,1,8.33,21.5,6,89.7
4,1,7.79,6.0,3,73.7
26,1,3.63,12.8,5,137.8
29,0,2.22,23.0,6,122.6
3,1,5.16,6.1,5,102.8
31,0,2.44,12.1,0,104.2
21,0,8.72,16.3,1,56.3
33,1,2.06,4.3,0,132.7
34,1,4.28,24.3,3,117.0
27,1,3.42,17.7,5,130.7
14,0,2.1,2.9,6,97.0
15,1,5.49,14.6,6,102.7
29,1,2.53,8.8,0,119.9
3,0,8.3,9.7,0,40.7
10,1,6.81,15.6,3,88.4
21,0,4.59,9.3,0,77.7
37,0,7.89,22.7,5,69.1
30,0,7.58,9.4,0,60.0
32,1,4.29,22.9,3,120.9
8,0,7.93,14.6,4,49.3
11,1,8.51,21.8,2,86.2
11,0,6.34,10.7,0,55.9
30,0,4.46,11.0,5,77.5
21,0,8.3,5.8,3,49.9
9,1,8.6,19.6,5,85.7
30,1,4.43,22.5,4,126.5
25,0,2.6,32.0,3,119.3
35,0,8.07,25.3,0,55.7
22,0,6.65,17.0,3,67.1
5,0,3.62,13.3,6,102.4
35,1,5.97,18.1,1,97.9
8,1,4.16,14.8,1,112.8
3,0,8.43,26.7,6,55.6
32,0,4.39,22.6,3,89.1
18,1,3.37,8.3,4,124.4
26,0,2.3,9.5,2,108.2
6,0,4.4,25.9,1,91.7
29,0,8.93,17.5,2,42.4
16,1,3.53,13.1,6,121.3
39,1,5.21,24.5,2,118.1
25,1,8.8,11.9,3,63.6
37,1,2.05,12.8,0,134.5
31,0,4.07,11.3,6,80.2
33,1,7.75,-0.7,3,63.0
4,1,2.67,21.9,5,142.4
31,1,8.5,5.3,1,73.6
24,0,7.84,10.5,4,46.7
16,0,3.0,9.0,2,93.8
13,1,6.15,20.8,2,107.8
26,0,5.89,14.5,1,73.0
8,0,6.86,15.1,4,63.4
8,1,4.15,1.6,2,109.7
35,1,4.69,14.3,0,112.8
30,1,3.69,3.2,4,118.9
24,1,4.04,17.5,4,125.1
30,1,3.23,17.9,6,127.9
13,1,8.33,14.9,6,79.8
29,1,8.21,31.3,1,91.4
9,1,4.52,19.2,0,109.0
18,1,6.85,19.8,6,92.6
6,0,5.43,16.1,6,89.9
15,0,3.97,13.5,4,83.3
14,0,4.45,22.7,4,101.6
17,1,8.76,23.8,0,82.3
19,0,4.39,4.6,3,80.9
2,0,6.05,23.4,0,84.2
14,0,8.62,19.1,5,59.0
33,0,4.08,22.7,6,109.4
17,0,7.66,18.7,0,59.5
22,1,2.8,5.0,1,120.8
5,1,7.13,5.6,6,83.0
16,1,7.65,29.6,0,107.1
38,1,7.86,17.0,5,92.4
22,1,8.83,3.7,4,58.3
1,0,6.98,17.8,4,65.7
29,0,8.84,12.1,4,41.2
31,1,3.95,0.3,1,107.5
15,0,5.65,-3.3,6,67.7
2,1,3.5,2.2,3,127.1
33,0,2.58,17.2,3,98.0
10,0,5.07,14.6,5,92.5
36,1,7.04,13.0,2,90.9
15,0,7.45,17.3,0,58.6
16,1,2.12,19.8,2,139.6
31,1,8.6,-1.8,4,58.6
6,0,3.73,12.6,1,94.7
2,1,4.05,8.4,5,122.1
30,1,7.83,5.1,4,65.3
37,1,8.26,10.6,4,82.7
39,0,7.16,14.0,6,63.7
6,1,4.33,12.9,1,123.0
6,0,5.24,3.4,0,75.2
14,0,7.84,11.1,2,61.6
28,1,4.5,31.1,2,130.3
36,0,7.64,6.6,0,59.0
33,0,7.47,1.5,2,50.4
15,1,5.28,17.2,6,106.4
36,0,8.28,19.8,0,61.0
10,1,4.69,18.7,6,122.5
5,0,7.25,6.0,4,68.3
17,0,6.48,23.0,6,67.6
4,1,4.32,8.7,6,112.5
27,1,5.72,5.9,4,101.6
39,1,6.24,10.1,1,86.1
5,1,5.76,14.1,5,103.0
5,1,2.78,20.7,5,150.7
7,1,8.94,20.0,3,84.4
7,1,8.77,14.8,6,71.0
21,1,2.26,22.5,6,152.9
23,0,8.61,15.7,1,57.7
38,1,5.72,22.2,0,112.9
18,0,2.88,3.8,6,100.8
37,1,7.74,2.4,0,74.6
30,1,5.03,21.2,5,111.8
34,0,6.99,3.9,5,56.4
8,1,7.79,12.6,4,85.3
18,0,5.77,14.2,3,77.2
36,0,2.35,11.1,1,117.5
30,0,7.76,11.4,3,53.2
9,0,6.86,26.1,1,61.1
33,0,8.37,-5.2,6,37.1
30,1,3.89,22.1,0,127.2
6,1,7.5,33.4,2,102.6
3,1,8.11,15.2,6,83.3
11,1,4.49,14.8,4,109.1
19,0,4.87,20.8,5,102.2
6,1,4.34,29.6,0,123.3
2,1,2.04,5.5,0,134.1
5,0,3.62,15.7,3,96.3
13,1,4.32,13.5,3,107.4
16,1,2.76,19.5,5,145.7
13,0,7.36,16.3,1,47.9
18,1,4.99,20.3,3,108.6
29,1,5.98,11.6,5,102.9
10,0,3.99,15.4,3,92.1
18,1,4.52,9.6,4,114.1
29,0,7.27,9.7,6,60.9
3,0,5.29,13.9,6,81.0
37,1,6.18,13.9,6,113.2
39,0,4.96,5.6,5,78.9
12,0,5.9,27.6,4,84.9
35,0,8.28,13.9,0,45.8
10,1,3.87,3.9,2,106.7
36,1,5.63,23.8,2,114.3
26,1,6.81,9.0,5,93.8
10,1,2.61,19.1,4,135.4
3,1,8.73,14.9,1,69.6
16,1,5.49,17.0,6,113.4
30,1,3.72,16.4,0,112.4
9,1,7.32,10.4,2,81.6
21,0,7.71,15.3,4,57.4
5,0,6.41,31.3,1,78.9
17,0,8.41,-2.9,0,38.6
2,1,2.62,15.5,1,128.4
39,0,5.69,18.5,1,75.8
20,0,7.2,6.6,1,67.6
33,0,8.42,4.0,2,47.6
5,1,6.49,32.3,1,116.3
7,1,6.22,12.0,3,95.7
7,0,4.72,31.6,2,106.1
23,0,6.0,19.3,2,83.0
34,0,5.88,15.6,1,83.8
24,0,8.34,18.8,5,72.9
19,1,7.79,20.1,3,85.6
37,0,7.16,24.4,3,73.0
8,1,8.47,18.5,6,82.0
7,0,2.46,16.2,5,91.4
27,0,7.39,16.4,6,57.5
34,0,5.25,25.8,0,90.8
11,0,7.26,21.5,1,72.0
11,0,4.07,7.0,5,86.4
21,1,5.27,9.9,3,109.6
31,0,7.77,17.6,6,70.9
12,0,2.25,10.0,4,104.1
33,1,4.04,12.0,5,127.7
21,0,5.42,7.4,1,84.9
28,1,7.96,12.9,0,82.5
25,0,3.89,18.4,3,91.8
19,1,7.76,23.0,3,98.5
21,1,3.71,15.1,1,120.8
39,1,4.12,31.6,6,131.9
16,0,5.88,14.4,2,76.3
37,1,6.58,40.5,3,111.6
31,1,8.16,23.0,2,92.3
8,1,8.16,19.0,3,87.3
35,0,3.75,11.0,5,103.5
15,1,7.22,-7.6,3,73.8
7,1,6.44,13.8,1,90.1
10,1,4.7,16.4,4,112.5
6,0,7.43,30.4,3,79.0
14,1,8.28,4.0,1,67.1
5,1,5.35,30.2,4,135.9
22,0,8.41,13.0,1,49.1
39,1,2.89,20.8,2,130.7
38,1,3.16,-5.3,0,117.6
37,0,7.35,16.1,6,70.5
10,1,4.14,12.3,4,115.3
9,0,6.1,20.5,2,77.1
27,1,5.48,15.7,4,108.1
38,1,3.02,5.9,2,126.0
33,1,7.28,22.6,6,101.5
9,0,7.19,20.6,4,66.4
29,1,3.02,19.8,0,134.7
20,1,3.82,23.1,3,132.3
18,1,7.6,23.8,2,96.4
20,0,8.39,14.8,5,36.6
22,1,8.09,4.1,6,69.1
36,1,5.51,3.9,1,91.1
31,1,4.57,25.8,1,120.8
2,0,5.12,20.7,1,89.0
30,1,3.23,15.8,6,135.5
13,1,5.47,11.5,5,108.9
14,0,3.62,15.3,3,97.1
24,1,3.13,15.2,2,127.6
39,1,4.66,12.3,4,121.1
3,0,2.45,9.4,5,103.6
21,0,5.29,32.3,0,97.4
10,1,6.87,16.8,1,102.6
36,1,6.56,10.2,4,92.9
19,1,8.83,4.6,1,52.5
34,0,8.2,9.2,6,54.7
35,0,6.44,20.8,6,76.1
4,1,8.28,21.1,5,85.5
30,0,5.11,13.3,2,88.4
31,1,7.59,15.4,0,88.0
33,0,3.99,12.6,0,90.6
39,1,5.69,6.1,3,101.2
30,0,8.86,25.4,1,58.8
33,0,6.19,18.0,5,79.2
28,1,5.55,34.8,5,124.9
12,0,7.51,9.0,1,57.4
34,0,4.19,13.9,1,89.3
28,1,7.82,22.1,6,88.6
27,1,2.13,13.0,3,135.3
38,0,3.67,3.9,0,82.5
29,1,3.24,7.4,5,115.6
14,0,3.8,15.8,5,107.3
12,1,8.62,17.7,4,75.8
13,0,2.17,14.2,1,110.6
7,1,4.09,23.0,5,126.7
4,1,6.02,22.9,2,106.3
30,1,6.92,17.6,6,96.5
31,1,7.42,15.2,6,90.1
7,0,4.68,13.0,2,81.1
16,0,3.54,19.4,6,110.5
36,1,7.97,22.4,6,86.1
33,0,2.85,15.5,1,111.5
24,0,2.46,18.6,3,100.0
38,1,3.62,12.4,5,117.2
13,1,5.45,3.7,1,102.1
33,0,8.6,7.0,5,46.0
37,1,7.1,21.1,0,90.4
24,0,5.95,18.6,5,83.6
7,1,5.65,27.7,2,107.2
12,0,6.85,15.4,6,70.7
21,1,6.39,21.9,0,88.5
11,1,4.35,25.6,2,121.4
4,0,2.65,23.0,5,112.3
7,0,3.41,10.1,2,98.9
38,1,7.48,13.5,3,90.0
15,1,6.44,16.0,1,91.5
23,0,7.58,7.1,0,63.3
18,1,2.31,18.8,0,134.5
32,0,8.31,23.2,6,50.3
4,0,4.68,11.2,5,73.2
11,0,8.48,30.8,4,73.3
23,0,6.16,12.7,4,71.1
32,1,5.83,13.4,3,96.5
18,1,7.73,13.1,3,77.6
28,1,6.38,9.3,0,85.3
32,1,6.72,18.3,0,103.9
26,0,3.1,15.2,3,102.2
32,1,6.23,28.3,6,122.2
38,0,4.5,19.9,6,95.0
9,0,2.53,19.3,3,97.3
17,0,2.93,13.2,4,107.8
9,1,5.36,3.7,5,97.8
17,0,3.84,14.3,3,93.5
1,1,7.36,8.2,2,91.0
27,0,2.86,22.6,4,109.3
10,1,2.1,14.8,3,143.9
33,1,8.98,28.3,3,82.3
29,0,4.19,20.9,0,92.4
14,0,5.57,21.7,4,87.5
18,0,3.47,16.8,2,96.9
27,0,3.46,16.7,1,107.9
17,1,4.82,20.2,5,124.1
9,0,7.53,22.4,1,66.8
2,1,2.27,9.3,1,134.5
22,1,7.86,18.9,0,88.8
21,0,8.93,36.0,5,65.3
30,0,5.91,14.3,5,83.7
6,1,4.52,13.0,2,111.1
3,0,3.64,9.5,0,96.7
29,1,3.28,3.4,3,110.9
29,0,4.26,24.5,1,99.7
32,1,7.96,15.5,1,84.3
1,1,2.02,17.4,4,135.0
26,1,7.5,29.8,4,95.1
38,0,6.67,35.1,3,81.5
30,0,2.13,7.9,2,110.5
19,1,2.49,23.4,6,138.8
19,0,7.15,20.0,3,70.7
16,0,6.71,18.2,1,80.0
3,1,4.19,18.8,5,125.4
29,1,8.03,14.8,0,70.9
21,0,3.47,27.7,6,113.0
21,0,4.99,19.9,1,94.8
37,1,2.81,17.8,3,130.9
29,1,6.52,25.0,3,109.8
38,0,2.61,22.2,6,119.7
4,1,3.26,18.7,2,131.6
38,1,7.36,17.6,0,87.6
22,1,5.5,29.1,3,113.0
16,1,6.63,19.1,2,95.8
22,0,7.14,14.3,4,64.0
2,1,6.25,8.2,0,95.4
37,0,3.38,12.3,2,100.3
25,0,6.89,6.6,6,61.1
2,1,2.81,15.9,4,131.5
36,0,3.89,17.1,0,99.1
18,0,5.14,-1.4,0,60.4
5,1,2.8,15.2,3,126.0
25,0,2.74,20.2,3,105.4
3,0,6.57,16.4,1,69.6
22,1,7.19,7.4,6,84.0
30,1,4.59,25.2,0,120.1
3,0,4.73,9.5,6,80.5
31,1,3.45,5.2,0,120.5
24,0,5.65,6.4,4,73.2
13,0,6.06,14.9,6,67.6
9,0,8.54,22.9,6,60.4
1,1,2.28,24.3,6,139.1
8,0,8.36,16.7,1,64.2
12,1,8.93,5.5,5,64.9
35,0,4.42,9.8,2,83.6
21,1,7.08,7.8,2,84.6
8,1,7.77,13.6,3,81.0
29,0,6.56,0.8,3,58.1
18,0,4.02,15.9,3,103.9
33,1,6.36,20.2,0,102.2
30,0,8.14,13.8,5,61.8
37,1,2.75,18.7,2,140.7
28,1,5.36,7.5,3,94.3
5,1,2.16,3.4,5,140.4
22,1,7.91,9.9,0,82.0
17,0,7.45,24.3,4,74.5
32,1,2.32,23.2,4,136.4
7,0,7.22,11.4,5,68.5
19,0,6.84,24.6,1,77.3
33,0,2.88,12.4,1,99.4
25,1,5.68,27.1,6,129.5
2,0,6.83,18.9,3,73.7
32,1,4.35,11.4,1,111.5
15,0,5.53,21.4,5,88.9
27,0,8.83,8.8,2,48.7
26,1,6.45,7.5,1,96.6
26,1,5.51,3.4,0,99.0
17,0,2.46,17.1,4,117.7
16,0,2.85,14.6,2,113.5
4,1,7.96,14.4,4,73.6
22,1,7.2,11.7,4,83.2
12,1,7.85,26.5,4,86.1
16,0,6.05,11.6,1,72.5
7,1,6.03,9.2,2,103.9
30,1,5.71,25.0,0,114.8
36,0,7.15,26.4,2,67.0
15,1,4.31,17.7,4,116.6
17,1,5.48,1.1,6,103.1
19,1,5.29,10.2,5,102.8
3,1,6.63,19.9,0,97.5
30,0,3.51,15.1,0,100.7
35,1,2.18,27.4,6,138.4
20,1,2.62,4.1,2,128.2
3,1,3.25,20.4,2,132.6
14,1,8.0,10.0,0,80.5
7,1,7.02,25.6,0,93.0
33,0,7.25,14.4,0,58.2
32,1,5.11,23.2,2,111.6
15,0,2.72,9.8,2,103.6
15,1,5.26,3.7,3,98.5
33,1,8.04,6.1,2,74.4
4,1,5.56,10.1,3,111.1
31,0,6.42,6.8,6,75.4
38,1,4.62,24.6,5,119.6
18,1,3.05,25.7,0,132.8
30,1,6.39,17.2,0,108.5
28,1,5.39,6.7,4,97.4
35,1,4.42,14.1,2,122.7
2,1,3.81,9.5,5,129.1
28,0,6.87,26.6,0,72.9
16,1,4.23,17.5,2,117.3
34,1,6.03,18.9,6,106.5
34,0,3.82,11.8,3,88.1
12,0,7.27,-1.1,5,47.3
23,0,4.62,8.8,1,80.9
20,1,5.35,6.1,0,104.3
22,0,8.49,18.0,1,51.2
33,1,7.03,15.8,4,89.7
26,1,7.15,8.6,0,81.3
30,1,4.38,11.9,1,104.8
27,0,7.88,27.5,6,79.2
10,1,4.7,7.3,3,92.3
23,1,8.92,7.7,0,62.6
15,1,8.27,13.2,4,80.5
17,0,6.61,9.4,0,56.5
5,1,7.82,11.6,6,86.7
8,1,5.81,19.3,5,115.9
14,1,7.13,28.9,6,98.3
12,1,2.87,0.8,3,119.7
25,0,8.92,14.9,0,40.6
12,0,7.6,15.3,3,63.2
10,0,3.0,14.3,3,103.6
17,1,3.7,13.5,2,122.1
23,0,6.02,12.3,1,81.0
39,1,7.34,23.0,1,96.6
20,0,3.04,11.3,6,111.4
14,0,8.72,14.0,5,55.3
13,1,4.42,15.0,1,107.9
18,0,8.96,15.9,0,49.3
37,0,7.27,13.6,6,67.9
15,0,5.4,23.0,2,78.5
10,0,4.54,14.9,2,96.9
23,1,2.68,16.4,5,136.2
31,1,2.62,14.6,0,134.1
37,0,6.41,7.0,2,59.4
11,1,7.41,8.4,1,81.9
35,0,8.35,6.6,6,50.9
34,1,4.55,16.5,5,116.1
15,0,8.56,9.3,1,46.7
14,1,4.08,6.5,3,98.8
11,1,8.58,16.9,3,85.3
13,0,8.43,19.2,1,48.7
35,1,3.08,0.9,3,103.5
13,1,8.03,28.5,6,88.9
20,1,6.93,15.3,3,86.5
37,1,6.92,14.2,0,94.0
27,0,7.88,23.5,5,61.6
6,1,5.76,15.6,3,104.6
3,1,5.55,10.2,0,94.8
9,0,4.57,32.6,2,116.0
34,0,8.06,6.4,3,51.9
9,1,8.31,14.2,2,89.3
13,0,3.12,21.8,5,104.8
22,0,7.41,6.4,4,58.8
20,1,3.93,14.2,0,113.4
3,0,3.29,18.1,5,109.8
8,0,3.38,34.2,3,119.4
39,0,6.01,7.9,4,59.8
17,1,3.96,14.6,3,112.3
11,1,3.7,20.3,2,119.2
33,1,2.69,15.6,2,123.0
19,0,4.27,5.4,2,79.5
33,0,7.42,18.3,3,58.5
7,0,2.15,15.9,1,103.7
19,1,5.38,18.6,4,109.4
32,1,6.22,24.1,5,111.6
30,0,2.35,23.1,4,108.4
27,0,4.06,18.3,4,92.8
18,1,8.35,17.5,6,82.8
33,1,8.96,6.2,2,63.5
15,0,7.95,13.9,4,51.5
26,0,3.19,16.8,6,111.1
22,0,7.35,11.8,6,67.8
12,0,5.16,15.8,3,87.8
8,1,3.19,8.4,4,120.2
21,1,5.37,27.3,4,127.8
13,0,8.46,32.2,1,75.9
21,0,8.14,11.9,3,49.9
28,0,4.74,18.2,1,88.9
32,1,2.44,13.1,3,139.5
31,1,8.3,25.1,0,81.5
20,0,8.9,18.5,2,52.7
3,0,5.58,15.6,1,79.8
8,1,3.58,13.2,5,120.4
29,1,5.81,16.0,0,101.3
24,1,6.87,7.0,4,76.0
32,1,5.38,20.4,4,107.0
20,0,4.47,9.3,1,73.1
18,1,3.73,19.3,4,138.7
10,1,4.08,16.0,4,128.1
3,0,2.35,23.8,4,124.1
6,1,3.79,14.9,0,122.8
27,1,8.67,23.2,2,87.2
23,0,2.06,7.6,2,114.2
10,1,7.09,19.9,3,99.7
15,0,7.52,13.2,6,67.7
26,0,4.83,16.6,1,82.0
15,0,6.17,15.6,2,76.5
15,1,3.55,22.5,6,129.1
11,1,6.68,-1.2,2,73.5
25,0,6.95,17.6,0,61.2
35,0,7.14,3.0,5,60.2
11,1,5.44,24.7,2,119.4
12,0,8.79,-0.8,4,27.7
19,1,8.06,7.0,4,84.5
8,1,6.01,1.6,3,98.0
21,1,6.78,28.1,1,100.8
35,1,3.92,4.7,6,111.8
25,1,8.61,15.9,5,78.5
7,0,6.52,10.7,2,72.5
8,1,8.26,0.6,3,64.7
3,0,4.02,12.3,4,85.0
38,0,8.88,20.3,2,54.0
14,0,2.74,13.5,4,92.4
12,1,5.71,22.5,0,109.6
34,1,2.77,12.1,6,138.3
12,0,3.33,15.1,1,102.3
10,0,7.35,11.9,3,64.4
10,0,2.46,17.7,4,113.8
16,1,4.68,30.2,1,129.1
3,0,3.34,17.9,1,103.5
25,1,7.95,16.6,3,77.8
17,1,2.58,10.1,0,127.2
38,0,4.36,9.0,2,85.3
31,1,7.99,26.7,4,98.0
15,0,6.81,6.1,0,69.9
28,1,6.92,7.7,2,87.9
32,1,8.94,14.2,6,69.9
8,0,2.16,11.6,5,107.4
7,0,6.65,30.6,1,80.2
6,0,7.21,-3.9,4,56.7
2,0,7.24,17.9,4,67.5
13,0,7.0,20.7,5,72.7
31,1,2.51,6.0,1,121.4
30,1,2.59,9.8,6,136.5
15,0,7.41,18.5,3,66.1
20,1,6.28,28.0,5,110.4
30,0,3.84,7.6,5,93.2
37,1,2.07,2.4,2,137.4
11,1,5.73,22.8,0,107.8
26,1,2.63,27.2,3,151.9
24,0,7.24,12.3,2,68.5
25,1,4.39,-2.7,1,101.4
32,1,7.65,26.6,0,98.9
30,0,2.67,13.4,1,104.6
16,1,5.46,24.0,5,110.4
30,0,2.7,14.7,1,104.5
3,0,7.46,12.0,5,56.3
14,0,5.92,11.4,0,75.9
9,0,3.64,26.8,6,109.9
11,1,8.74,26.5,1,86.6
36,1,6.77,-2.1,5,87.0
18,1,4.35,7.5,1,91.0
3,1,7.99,29.2,1,94.3
20,0,4.66,12.1,4,74.6
3,0,8.6,4.1,0,42.6
6,0,4.08,15.0,1,88.0
15,0,8.89,14.1,4,47.5
18,0,2.44,14.2,0,116.4
10,1,7.14,11.2,1,75.9
25,1,4.04,12.5,2,117.8
20,0,4.97,11.4,4,81.4
6,1,6.45,17.7,1,86.5
33,0,2.32,8.5,3,108.6
6,1,3.56,12.7,4,121.5
15,1,2.73,13.8,2,127.1
7,0,7.18,25.4,1,67.8
37,0,3.55,18.0,1,120.0
12,0,5.49,14.1,3,76.8
34,0,4.3,19.3,0,83.8
38,1,3.65,18.2,1,119.3
9,1,8.55,23.7,0,80.5
2,1,5.55,19.1,3,105.2
1,0,6.55,29.4,5,83.8
8,1,6.93,25.8,6,96.5
16,1,7.75,14.7,4,86.4
7,0,3.84,11.7,2,90.0
38,1,2.55,22.1,0,130.3
19,1,5.27,19.1,3,105.3
34,0,3.19,14.2,1,98.7
1,0,2.14,3.2,3,107.3
6,0,8.44,0.3,4,43.0
18,1,6.39,17.8,0,96.5
7,1,4.9,21.2,0,115.5
7,0,2.96,21.4,0,110.3
1,0,7.33,4.7,6,69.4
11,0,5.73,23.3,5,83.5
30,0,3.22,10.7,1,100.8
31,1,8.88,18.1,2,79.5
20,1,8.66,18.3,4,71.7
8,0,8.49,8.6,4,47.4
18,0,7.79,10.3,2,55.2
25,1,5.72,-1.6,2,86.6
6,0,4.1,7.7,4,90.6
16,1,6.56,0.6,5,92.3
33,1,3.06,18.5,0,137.5
17,1,6.32,15.5,1,96.2
19,1,2.46,22.3,5,143.6
32,0,2.1,17.9,3,128.5
27,0,7.01,9.9,1,54.7
7,1,4.4,17.8,3,118.8
24,0,6.88,11.9,0,69.5
37,0,7.46,19.9,5,69.0
9,0,7.85,17.5,2,63.4
35,1,6.31,7.1,0,91.8
23,1,7.93,15.0,6,89.2
27,1,6.61,15.4,2,102.2
13,0,8.49,12.5,5,51.0
2,0,8.28,22.2,3,60.3
2,0,2.3,28.7,0,120.8
26,0,3.87,12.1,4,90.5
39,0,4.72,12.2,0,84.8
24,1,3.77,-3.0,0,100.0
14,1,3.24,14.0,6,132.9
31,0,8.11,11.5,3,62.4
37,0,2.18,-2.3,1,107.7
9,0,3.27,17.3,4,110.4
5,0,7.32,19.7,4,60.4
38,0,3.56,9.1,5,105.6
2,1,3.81,12.0,4,114.1
35,0,8.77,7.3,1,42.2
6,1,7.34,21.1,2,103.2
5,0,5.14,2.9,3,67.1
11,0,2.95,12.5,1,107.0
13,1,3.88,30.6,2,134.3
13,1,8.87,15.4,4,72.1
2,1,7.54,18.7,2,83.1
34,1,2.49,13.8,2,134.9
33,1,6.95,5.6,2,80.7
27,0,4.63,14.7,1,94.0
36,0,7.04,18.3,6,78.1
37,1,4.07,6.8,4,103.5
39,0,2.91,17.7,0,103.5
15,1,2.14,25.0,5,145.8
24,0,4.07,23.6,6,96.1
30,1,8.02,2.3,5,66.9
26,1,8.24,7.2,0,73.0
31,1,6.78,2.1,1,81.0
27,0,7.24,23.6,0,60.2
16,1,3.36,19.9,0,125.8
23,1,4.48,20.6,1,122.0
8,0,8.29,8.0,6,43.4
38,1,8.9,5.7,2,59.5
35,0,5.1,15.6,3,93.6
24,0,7.43,15.8,6,73.0
30,1,8.53,8.2,6,63.8
14,0,8.98,16.1,5,42.5
15,1,4.07,20.2,0,124.8
21,1,6.58,16.8,6,91.8
11,1,4.73,6.7,3,103.9
1,0,5.26,-1.9,2,65.8
16,0,5.23,12.9,4,84.0
29,1,3.95,16.3,0,105.3
11,0,2.13,12.9,4,96.9
28,0,7.37,11.6,4,51.9
24,0,6.87,9.5,0,68.4
17,0,7.88,20.7,6,63.8
