age,income,debt_ratio,n_accounts,late_payments,employed,default
27,19191.0,0.403,0,2,1,1
27,69545.0,0.276,9,2,1,0
60,22772.0,0.406,3,0,1,0
45,78360.0,0.425,4,1,0,0
49,38937.0,0.577,11,3,1,1
50,37307.0,0.101,7,2,0,0
55,44483.0,0.49,8,0,0,0
22,46684.0,0.235,7,1,0,0
44,59973.0,0.41,4,1,0,0
28,70711.0,0.132,0,3,0,0
40,25000.0,0.544,5,1,1,1
66,15914.0,0.216,9,1,0,0
47,7818.0,0.616,10,0,1,1
24,24499.0,0.447,6,0,1,0
47,43483.0,0.043,9,0,0,0
27,35925.0,0.245,5,0,0,0
57,31495.0,0.245,4,0,1,0
67,24957.0,0.193,2,1,0,0
68,21590.0,0.074,7,0,0,0
51,25801.0,0.181,6,1,1,0
63,36116.0,0.55,2,0,0,0
39,12304.0,0.115,10,0,0,0
28,42807.0,0.397,9,2,0,1
46,14339.0,0.672,0,0,1,1
42,27471.0,0.559,11,0,1,0
53,21650.0,0.206,7,0,0,0
69,24717.0,0.367,4,0,0,0
34,17608.0,0.443,5,0,1,0
62,16683.0,0.186,7,1,1,0
27,26458.0,0.582,2,0,0,1
38,17257.0,0.089,8,1,0,0
59,101482.0,0.366,3,0,1,0
33,24088.0,0.32,0,0,0,0
53,21358.0,0.282,0,0,0,0
43,22523.0,0.604,5,1,0,1
46,17346.0,0.476,8,0,0,1
67,8679.0,0.487,0,0,0,1
61,26075.0,0.307,9,1,0,0
62,34608.0,0.182,8,0,1,0
47,13969.0,0.689,9,1,0,1
69,29710.0,0.333,0,1,1,0
69,16181.0,0.209,3,0,0,1
27,29101.0,0.099,4,1,0,0
31,35453.0,0.414,6,0,0,0
36,37760.0,0.222,11,0,1,0
48,36820.0,0.105,7,0,1,0
61,20828.0,0.619,10,0,0,1
44,45989.0,0.494,3,1,1,0
69,23671.0,0.135,6,1,0,0
38,35276.0,0.394,8,2,1,1
66,42118.0,0.313,9,1,0,0
49,25433.0,0.187,6,1,1,0
56,15578.0,0.232,4,0,0,0
32,40237.0,0.273,10,0,0,0
50,16935.0,0.156,11,0,0,0
60,18962.0,0.394,10,1,1,1
64,17058.0,0.224,10,1,1,0
63,45114.0,0.07,0,0,1,0
68,27282.0,0.361,1,1,1,0
27,9616.0,0.241,7,0,0,1
59,42744.0,0.255,10,1,0,0
43,83362.0,0.104,10,0,0,0
54,72802.0,0.271,7,0,0,0
34,22280.0,0.132,1,3,0,1
21,30762.0,0.275,1,1,1,0
25,38166.0,0.058,3,0,1,0
68,46256.0,0.248,10,2,0,0
64,30108.0,0.17,0,0,0,0
35,17117.0,0.308,7,1,0,1
42,43147.0,0.393,6,2,1,1
32,40237.0,0.243,4,0,1,0
28,15208.0,0.643,1,0,0,1
63,24617.0,0.042,0,1,0,0
53,33834.0,0.567,6,2,1,0
24,29532.0,0.011,10,0,0,0
30,38436.0,0.118,0,1,1,0
48,44015.0,0.158,8,0,1,0
65,38766.0,0.357,2,0,1,0
69,27915.0,0.43,6,1,1,0
31,15060.0,0.138,4,1,0,0
50,40219.0,0.45,3,3,1,1
22,59563.0,0.379,6,1,1,0
29,79376.0,0.134,8,0,1,0
30,29068.0,0.211,6,2,1,1
42,29030.0,0.215,10,1,1,0
37,60909.0,0.5,5,1,1,0
56,60674.0,0.151,9,0,1,0
43,35033.0,0.095,2,1,1,0
37,42193.0,0.355,4,0,1,0
65,20188.0,0.218,9,1,1,0
51,39557.0,0.616,11,1,0,1
55,19541.0,0.422,5,0,1,0
57,27465.0,0.182,7,0,1,0
37,27768.0,0.029,3,2,1,0
64,23359.0,0.287,11,0,1,0
21,10272.0,0.487,4,1,0,1
36,19533.0,0.442,9,2,0,1
28,34878.0,0.337,11,0,0,1
21,28639.0,0.108,2,1,1,0
69,24248.0,0.325,9,0,0,0
25,36581.0,0.282,7,1,1,0
43,41660.0,0.301,10,0,0,0
61,45102.0,0.209,9,2,0,1
54,19713.0,0.237,9,0,0,0
62,29825.0,0.25,1,2,0,1
23,24963.0,0.275,0,0,1,0
45,19013.0,0.11,0,0,0,0
22,13955.0,0.339,2,1,0,1
30,28077.0,0.143,3,0,1,0
62,19059.0,0.346,7,1,1,1
24,86548.0,0.408,3,3,1,1
49,28068.0,0.407,0,1,0,1
21,26356.0,0.254,10,0,1,0
36,24169.0,0.328,1,1,1,0
66,75316.0,0.171,2,1,0,0
36,18412.0,0.447,2,1,0,1
36,27205.0,0.287,7,0,0,0
25,20067.0,0.107,6,0,0,0
58,27704.0,0.028,5,0,0,0
29,28962.0,0.59,2,0,0,1
45,51078.0,0.203,10,0,0,0
22,14524.0,0.396,1,2,0,1
22,29178.0,0.383,3,1,0,0
62,66161.0,0.067,7,0,0,0
21,22850.0,0.161,11,0,0,0
43,26980.0,0.22,7,0,0,0
41,18923.0,0.527,10,1,0,1
27,7962.0,0.135,7,1,0,0
52,27981.0,0.064,7,0,0,0
57,53072.0,0.256,1,4,1,1
69,23334.0,0.249,0,1,1,0
30,11711.0,0.203,5,0,0,1
66,33684.0,0.082,0,0,0,0
24,30671.0,0.086,7,0,1,0
27,48619.0,0.453,0,0,0,0
50,46481.0,0.046,3,0,0,0
63,25757.0,0.318,11,1,1,0
64,36007.0,0.378,2,0,0,0
57,11990.0,0.248,2,2,1,0
22,51453.0,0.509,0,1,0,1
41,32354.0,0.382,6,1,1,0
60,50723.0,0.11,6,0,0,0
46,50156.0,0.576,4,0,1,0
30,25536.0,0.41,6,0,1,0
54,27359.0,0.29,2,1,1,0
25,19037.0,0.139,5,0,1,0
55,10492.0,0.518,3,1,0,1
21,27598.0,0.234,11,0,1,0
38,31835.0,0.282,11,0,1,0
35,17130.0,0.162,1,0,0,0
67,42083.0,0.188,11,1,0,0
56,30969.0,0.352,6,0,1,0
53,36987.0,0.216,9,1,1,0
45,20064.0,0.601,3,1,1,0
35,12201.0,0.439,9,0,0,1
62,43498.0,0.416,8,0,1,0
67,40015.0,0.255,3,0,0,0
31,27906.0,0.362,1,0,0,0
32,23884.0,0.196,7,1,0,0
36,25668.0,0.258,5,2,0,1
44,27530.0,0.037,3,1,1,0
33,22859.0,0.415,11,0,1,0
40,10786.0,0.254,1,1,0,1
68,43636.0,0.557,5,0,1,0
39,13962.0,0.184,6,0,1,0
67,24962.0,0.154,8,1,1,0
45,25291.0,0.378,10,1,0,0
37,33597.0,0.231,10,1,1,0
66,13160.0,0.328,11,0,0,0
42,53928.0,0.425,4,1,0,0
58,40943.0,0.08,3,0,0,0
36,43363.0,0.442,10,0,1,0
69,55622.0,0.33,2,1,0,0
57,19809.0,0.096,9,0,0,0
63,6159.0,0.363,2,0,1,0
22,34896.0,0.305,8,1,1,0
26,56977.0,0.385,6,3,1,0
24,52881.0,0.25,2,1,0,0
47,22635.0,0.309,7,0,1,0
40,28272.0,0.574,6,0,0,0
68,34154.0,0.346,6,1,1,0
33,11995.0,0.4,9,0,0,0
29,21222.0,0.455,10,1,0,1
62,21555.0,0.12,1,1,1,0
35,65421.0,0.356,2,0,1,0
57,21406.0,0.073,3,3,1,1
35,65048.0,0.135,10,1,1,0
47,29868.0,0.269,8,0,1,0
24,12833.0,0.305,5,0,1,0
53,89971.0,0.26,8,1,0,0
65,18266.0,0.161,1,1,1,0
54,40472.0,0.182,3,0,0,0
64,69758.0,0.085,4,0,1,0
59,22752.0,0.275,2,1,1,0
48,16070.0,0.373,0,0,1,0
66,50034.0,0.22,7,0,0,0
44,30721.0,0.479,3,1,1,0
28,16096.0,0.077,1,1,0,0
48,17316.0,0.186,8,0,0,0
51,24469.0,0.157,10,0,1,0
29,48147.0,0.163,11,1,1,0
28,25757.0,0.135,9,2,1,0
53,41244.0,0.325,7,4,0,1
42,67938.0,0.345,9,2,0,1
44,56090.0,0.505,5,0,0,0
59,61010.0,0.541,9,1,1,0
54,55048.0,0.424,3,0,0,0
64,13303.0,0.279,8,0,0,0
29,54801.0,0.104,0,1,1,0
58,35041.0,0.34,3,1,0,1
47,27940.0,0.218,4,0,0,0
22,17286.0,0.306,0,0,0,0
24,13433.0,0.049,5,3,1,0
38,17059.0,0.292,7,0,1,0
52,29417.0,0.13,6,0,1,0
28,16522.0,0.086,10,1,0,0
47,19767.0,0.405,1,1,0,1
69,21843.0,0.303,0,1,1,0
27,41493.0,0.284,1,1,0,0
28,25653.0,0.336,11,1,1,0
68,27641.0,0.259,7,2,0,0
32,57706.0,0.427,7,0,0,0
63,25321.0,0.141,6,0,1,0
38,40120.0,0.248,0,1,1,0
58,17524.0,0.408,11,2,0,1
23,35051.0,0.21,1,0,1,0
52,31564.0,0.141,0,0,1,0
63,32457.0,0.074,1,1,0,0
37,23548.0,0.332,11,1,1,1
52,17760.0,0.089,5,0,1,0
31,25597.0,0.441,2,0,1,0
28,23530.0,0.058,8,1,0,0
21,49846.0,0.094,9,0,1,0
45,46813.0,0.373,6,0,1,0
46,16300.0,0.308,11,0,1,0
24,40687.0,0.215,2,0,1,0
32,23392.0,0.369,10,0,0,1
50,37401.0,0.432,3,0,1,0
38,23370.0,0.356,8,1,0,1
32,14244.0,0.405,10,2,1,1
21,49421.0,0.125,10,0,1,0
22,37278.0,0.115,2,1,1,0
52,16109.0,0.179,4,0,1,0
26,11548.0,0.314,6,0,0,1
62,22763.0,0.193,10,1,1,0
48,16466.0,0.174,1,0,0,0
33,24786.0,0.141,5,0,0,0
52,40544.0,0.35,4,0,1,0
28,61978.0,0.069,5,0,1,0
36,24875.0,0.322,0,0,0,0
45,59200.0,0.267,11,0,1,0
52,53219.0,0.359,11,1,1,0
27,23928.0,0.336,2,0,1,0
38,12919.0,0.433,1,0,1,1
25,45560.0,0.246,10,1,1,0
27,40344.0,0.645,2,0,0,0
31,96516.0,0.138,10,3,1,0
36,60833.0,0.257,9,0,1,0
65,44010.0,0.244,5,1,1,0
40,69242.0,0.419,0,2,0,0
26,17630.0,0.195,8,0,0,0
65,32810.0,0.152,7,2,0,0
48,25984.0,0.392,6,0,0,0
26,71207.0,0.221,8,0,1,0
25,39534.0,0.295,5,2,1,0
25,6456.0,0.262,0,0,1,0
65,59167.0,0.181,3,0,1,0
48,18956.0,0.054,9,0,0,0
54,44021.0,0.343,2,0,0,0
68,23501.0,0.362,7,0,1,0
40,33763.0,0.371,8,0,1,0
65,41066.0,0.211,2,0,0,0
40,32948.0,0.236,6,0,0,0
55,18564.0,0.429,11,2,0,1
61,60234.0,0.134,8,0,0,0
24,36505.0,0.132,5,0,1,0
56,29691.0,0.492,10,1,1,1
60,42631.0,0.133,1,1,1,0
68,22921.0,0.051,8,1,1,0
54,76941.0,0.276,6,1,0,0
44,33540.0,0.088,6,0,0,0
28,35993.0,0.265,1,0,1,0
58,35670.0,0.372,8,1,1,0
43,19002.0,0.266,6,0,0,0
60,16674.0,0.483,5,1,1,0
23,33442.0,0.21,6,0,0,0
37,35787.0,0.666,1,2,1,1
60,58823.0,0.428,8,2,1,0
50,37610.0,0.216,5,0,1,0
56,17411.0,0.676,6,2,1,1
49,39055.0,0.438,7,1,1,0
60,45402.0,0.705,8,0,1,0
61,49572.0,0.106,2,0,0,0
58,35472.0,0.252,4,2,0,0
53,16299.0,0.029,10,0,0,0
34,53656.0,0.378,0,2,1,0
24,20820.0,0.147,11,1,0,0
59,39996.0,0.108,3,0,0,0
38,13672.0,0.108,10,0,1,0
33,44001.0,0.024,5,0,0,0
21,20274.0,0.468,3,1,0,1
27,51574.0,0.122,0,1,1,0
22,72516.0,0.422,2,0,0,0
40,53864.0,0.167,4,0,0,0
35,16736.0,0.298,6,0,0,0
45,18715.0,0.338,8,0,0,1
49,19413.0,0.401,1,1,1,1
35,41782.0,0.602,10,0,0,1
47,35654.0,0.231,1,0,0,0
50,32466.0,0.404,6,1,1,0
53,35007.0,0.18,2,0,0,0
50,40071.0,0.307,5,0,1,0
22,41527.0,0.104,10,0,0,0
32,69781.0,0.279,9,0,1,0
59,29145.0,0.495,4,0,1,0
51,33177.0,0.755,1,1,0,1
35,11844.0,0.274,11,0,0,1
38,15449.0,0.049,5,0,0,0
66,21167.0,0.416,8,0,1,0
56,16538.0,0.321,9,0,1,0
39,33409.0,0.094,5,0,0,0
35,50336.0,0.111,4,0,0,0
27,24045.0,0.161,9,0,1,0
60,23442.0,0.117,7,1,1,0
51,23127.0,0.194,2,0,0,0
41,31879.0,0.33,5,1,1,0
54,22731.0,0.188,7,2,1,1
48,36937.0,0.26,11,1,0,0
47,34675.0,0.433,8,0,0,0
53,35425.0,0.388,7,0,1,0
58,43683.0,0.153,6,2,0,0
46,30274.0,0.38,1,0,1,0
41,32013.0,0.053,1,0,1,0
33,71790.0,0.575,9,0,1,0
35,29102.0,0.261,7,1,1,0
68,44364.0,0.223,1,1,1,0
30,30572.0,0.411,1,1,1,0
25,23657.0,0.336,5,2,0,1
51,23661.0,0.228,8,1,1,0
36,19728.0,0.178,8,0,0,0
25,29902.0,0.452,10,0,0,0
47,21974.0,0.362,4,0,0,0
57,24052.0,0.011,6,0,1,0
22,54676.0,0.099,10,0,0,0
44,27796.0,0.433,10,2,0,1
28,52547.0,0.204,2,1,1,0
49,33931.0,0.423,1,1,1,0
60,45717.0,0.213,6,1,0,0
60,21889.0,0.199,10,1,1,0
59,31974.0,0.556,10,0,0,1
35,110937.0,0.575,10,0,1,0
52,44912.0,0.391,10,1,0,1
52,49035.0,0.225,8,2,1,0
65,33357.0,0.045,1,0,0,0
55,45567.0,0.533,8,0,1,0
58,16596.0,0.411,8,1,1,1
25,19385.0,0.308,0,0,0,1
35,36753.0,0.449,6,1,1,0
39,44686.0,0.076,0,2,0,0
52,24152.0,0.161,7,0,0,0
63,26988.0,0.284,10,1,1,0
37,24730.0,0.379,7,3,0,1
45,26970.0,0.209,9,1,0,0
57,16250.0,0.088,9,2,1,0
30,14462.0,0.391,8,1,0,1
39,28409.0,0.308,6,0,1,0
30,12408.0,0.079,8,0,1,0
28,18130.0,0.347,1,0,1,0
54,21249.0,0.276,4,0,1,0
63,17453.0,0.222,3,0,1,0
28,33266.0,0.042,2,0,1,0
54,23614.0,0.05,11,0,1,0
55,28329.0,0.564,8,2,1,1
57,17789.0,0.307,0,2,1,0
55,20329.0,0.039,5,0,0,0
48,38042.0,0.387,0,1,1,0
26,35288.0,0.247,11,1,1,0
59,23310.0,0.323,4,2,1,0
30,35264.0,0.17,7,0,1,0
42,32275.0,0.258,7,0,1,0
67,31808.0,0.24,0,0,1,0
48,65165.0,0.16,8,0,1,0
35,24016.0,0.084,1,0,0,0
24,36177.0,0.567,9,0,0,0
33,36200.0,0.121,6,0,0,0
48,26073.0,0.164,8,1,1,0
62,16364.0,0.199,1,0,1,0
60,41370.0,0.514,11,1,0,1
31,33367.0,0.547,8,1,1,1
55,29992.0,0.12,10,1,0,0
52,29584.0,0.317,1,0,0,1
60,29538.0,0.084,4,1,0,0
45,18680.0,0.201,2,0,1,0
45,33782.0,0.349,1,0,0,0
41,11843.0,0.304,2,1,0,1
64,28775.0,0.423,4,2,1,1
46,13788.0,0.14,1,0,1,0
26,24416.0,0.191,0,1,1,0
45,41608.0,0.438,1,0,0,0
63,25544.0,0.545,7,0,0,1
61,22866.0,0.47,0,0,1,0
39,37552.0,0.505,8,1,0,1
64,25375.0,0.255,0,0,0,0
25,23665.0,0.046,8,0,1,0
57,23828.0,0.068,1,1,1,0
51,61747.0,0.235,7,0,0,0
21,40401.0,0.348,4,1,0,1
43,36845.0,0.163,4,0,1,0
39,15972.0,0.425,10,0,0,1
41,39451.0,0.156,9,0,0,0
33,15159.0,0.734,5,0,0,1
62,36757.0,0.09,9,0,0,0
61,16549.0,0.209,0,1,0,0
27,76711.0,0.286,5,1,0,0
58,12449.0,0.346,5,0,0,0
51,53199.0,0.373,0,1,0,0
30,43094.0,0.309,4,0,1,0
41,11882.0,0.141,5,1,1,0
34,25587.0,0.224,8,2,0,1
46,59404.0,0.234,6,1,1,0
27,50909.0,0.369,10,1,0,0
45,12588.0,0.147,11,1,1,0
26,22237.0,0.255,4,1,0,0
27,16036.0,0.305,0,0,0,0
62,17273.0,0.347,1,2,1,1
46,20911.0,0.303,8,1,0,0
35,72362.0,0.081,1,0,1,0
63,30802.0,0.279,1,0,1,0
37,25735.0,0.055,8,2,0,0
29,24369.0,0.044,4,4,0,1
65,40187.0,0.146,8,0,1,0
21,40687.0,0.345,2,1,0,0
67,18189.0,0.415,10,2,1,1
24,59970.0,0.281,1,1,0,0
60,16757.0,0.192,0,0,0,0
43,25067.0,0.257,10,0,0,0
27,36063.0,0.116,2,0,0,0
68,67709.0,0.712,8,0,1,1
41,24212.0,0.132,4,1,1,0
23,33209.0,0.066,8,1,0,0
56,55202.0,0.354,1,0,0,0
69,39307.0,0.043,1,0,1,0
28,50566.0,0.261,1,0,0,0
47,48367.0,0.719,7,0,1,0
66,32775.0,0.193,8,0,0,0
26,39452.0,0.128,5,1,1,0
59,45512.0,0.266,1,1,0,0
41,28384.0,0.109,4,0,1,0
23,63993.0,0.288,4,0,1,0
31,10663.0,0.157,7,1,1,0
63,18164.0,0.632,8,2,0,1
55,59239.0,0.123,1,0,0,0
64,35632.0,0.042,3,0,1,0
47,20860.0,0.203,6,0,1,0
27,34774.0,0.127,10,0,1,0
35,49560.0,0.5,9,0,1,0
35,21769.0,0.033,4,1,0,0
33,42263.0,0.047,5,1,0,0
24,27085.0,0.197,0,0,0,0
63,27205.0,0.603,5,2,1,1
25,27814.0,0.168,3,0,1,0
58,50195.0,0.04,11,0,1,0
56,16453.0,0.425,2,0,1,0
42,23964.0,0.098,6,1,0,0
51,40107.0,0.468,6,0,0,0
40,15657.0,0.309,9,1,0,1
46,13066.0,0.361,8,0,0,1
57,38279.0,0.373,1,0,1,0
43,28825.0,0.29,3,0,0,1
68,26760.0,0.075,5,0,0,0
62,30929.0,0.309,3,0,0,0
24,17717.0,0.496,4,0,1,1
65,123573.0,0.711,4,1,1,0
28,17611.0,0.11,2,2,1,0
31,23172.0,0.103,4,1,0,0
38,14152.0,0.341,4,0,0,0
61,23398.0,0.231,9,1,1,0
45,61785.0,0.368,8,1,0,1
58,29080.0,0.749,0,0,0,1
24,38783.0,0.076,9,2,1,0
57,22621.0,0.804,4,1,0,1
23,71314.0,0.399,3,1,1,0
33,31265.0,0.212,9,0,1,0
31,15432.0,0.66,1,0,1,1
61,42333.0,0.308,9,0,1,0
39,23945.0,0.432,4,2,0,1
58,39019.0,0.194,4,0,1,0
57,30881.0,0.262,10,0,0,0
54,32861.0,0.234,11,2,0,0
50,30841.0,0.095,6,1,0,0
63,18317.0,0.59,1,3,1,1
22,13592.0,0.309,10,0,1,0
53,46916.0,0.111,9,0,1,0
23,26915.0,0.344,2,1,1,1
51,33222.0,0.164,10,0,0,0
43,22838.0,0.317,9,1,1,0
68,10472.0,0.502,4,0,1,1
63,15208.0,0.444,1,0,0,1
23,57852.0,0.137,9,0,0,0
65,19444.0,0.285,9,0,0,0
29,23778.0,0.399,3,1,1,1
38,13824.0,0.401,0,0,1,0
47,22111.0,0.308,9,0,0,0
64,23891.0,0.11,8,0,0,0
37,25761.0,0.281,3,0,0,0
66,27734.0,0.262,6,2,1,0
35,20981.0,0.111,8,0,0,0
40,21586.0,0.332,1,1,1,0
66,28565.0,0.268,11,1,1,0
57,33795.0,0.041,7,2,0,0
54,26783.0,0.438,0,2,0,1
38,68715.0,0.483,1,1,0,0
21,31857.0,0.232,7,0,0,0
28,31156.0,0.067,9,1,1,0
36,20704.0,0.248,10,0,1,0
49,48024.0,0.334,5,1,0,0
63,17223.0,0.196,3,2,1,0
25,12792.0,0.285,8,1,1,0
23,17639.0,0.229,1,2,0,1
53,39139.0,0.111,10,1,0,0
32,16204.0,0.44,7,1,0,1
60,54832.0,0.233,4,0,1,0
49,28386.0,0.337,9,0,1,0
65,13451.0,0.131,3,0,0,0
43,25598.0,0.197,4,2,0,0
42,70012.0,0.244,10,1,1,0
59,18669.0,0.532,0,1,1,0
26,14908.0,0.235,4,1,1,0
31,37074.0,0.216,6,1,1,0
65,55135.0,0.292,0,2,0,0
27,47691.0,0.167,1,0,0,0
63,24344.0,0.221,8,1,1,0
55,31510.0,0.231,0,0,0,0
68,33750.0,0.229,1,2,0,1
34,51598.0,0.132,7,0,0,0
50,83998.0,0.33,6,0,0,0
23,27183.0,0.022,7,1,0,0
53,54931.0,0.21,5,0,1,0
23,24154.0,0.612,0,0,0,1
39,38511.0,0.237,3,1,0,0
36,17990.0,0.03,4,1,0,0
29,19578.0,0.193,8,0,1,0
47,35305.0,0.644,5,3,0,1
35,18321.0,0.274,1,1,0,0
25,44699.0,0.284,8,2,1,0
56,21783.0,0.119,6,1,0,0
30,29820.0,0.142,2,1,0,0
36,27513.0,0.186,10,0,1,0
36,24282.0,0.195,1,0,1,0
54,30628.0,0.275,8,0,0,0
56,49208.0,0.594,4,1,1,0
45,135509.0,0.057,8,0,1,0
24,15847.0,0.138,9,1,0,0
43,33331.0,0.261,1,1,1,0
55,26276.0,0.362,4,0,0,1
68,18171.0,0.466,0,0,1,0
67,33103.0,0.483,10,2,0,1
29,18488.0,0.267,8,1,1,0
33,27588.0,0.241,5,0,0,0
44,53320.0,0.124,10,0,1,0
33,10444.0,0.247,7,0,1,0
28,32469.0,0.536,1,0,0,1
31,35867.0,0.344,10,1,0,1
66,17775.0,0.133,3,0,0,0
55,37278.0,0.093,7,2,1,0
44,34201.0,0.306,11,2,0,1
48,24095.0,0.151,11,1,0,0
37,52587.0,0.179,2,0,1,0
47,14921.0,0.233,2,0,1,0
29,39568.0,0.27,3,0,0,0
23,25526.0,0.257,9,2,0,1
50,16916.0,0.691,3,1,0,1
48,26250.0,0.062,11,1,1,0
40,24090.0,0.155,4,1,0,0
43,43200.0,0.559,10,1,0,1
27,13583.0,0.343,10,0,1,0
62,26026.0,0.221,11,2,0,0
22,22842.0,0.269,7,0,0,0
44,62979.0,0.258,10,3,1,1
40,16399.0,0.338,2,1,1,0
59,48691.0,0.109,0,0,0,0
49,11915.0,0.329,4,1,1,0
30,34044.0,0.085,6,0,0,0
46,26770.0,0.362,10,1,1,0
50,34599.0,0.767,5,1,0,1
65,20148.0,0.221,4,0,0,0
46,10791.0,0.143,9,0,0,0
65,13212.0,0.253,5,0,1,0
37,55116.0,0.36,6,0,1,0
66,31796.0,0.462,7,2,0,1
67,18545.0,0.31,1,1,0,1
60,44780.0,0.602,9,1,0,0
62,19666.0,0.202,5,2,0,0
44,19719.0,0.673,6,0,1,1
66,15552.0,0.222,10,0,0,0
46,51370.0,0.175,7,2,1,0
49,76036.0,0.085,1,0,0,0
40,17595.0,0.164,5,0,1,0
49,32912.0,0.069,9,2,0,0
40,46417.0,0.434,4,1,1,0
48,81953.0,0.218,8,1,0,0
23,8577.0,0.427,7,1,0,1
24,30516.0,0.237,6,1,1,0
60,39251.0,0.345,4,0,0,0
63,13560.0,0.517,8,0,1,0
33,34833.0,0.15,1,3,0,0
21,31343.0,0.223,3,2,0,1
22,40761.0,0.344,6,2,0,1
59,21211.0,0.635,8,0,1,0
43,34968.0,0.313,4,0,0,0
34,20963.0,0.44,10,0,1,0
56,38406.0,0.259,9,2,1,0
46,30698.0,0.062,5,0,0,0
42,23489.0,0.381,6,1,1,0
25,13972.0,0.111,11,1,0,1
38,64633.0,0.269,7,1,1,0
58,49362.0,0.479,7,0,1,0
53,44016.0,0.104,1,0,1,0
44,20335.0,0.133,3,1,0,0
28,23792.0,0.042,7,0,1,0
52,65342.0,0.298,9,1,1,0
21,41134.0,0.445,9,0,0,0
69,18520.0,0.438,5,1,1,0
50,29022.0,0.145,5,0,1,0
56,30441.0,0.092,8,0,1,0
46,25671.0,0.311,4,0,0,1
38,17702.0,0.257,0,1,0,0
63,53152.0,0.168,3,1,1,0
22,38120.0,0.433,8,0,1,0
41,25734.0,0.246,6,1,1,0
56,12938.0,0.312,1,0,0,1
59,21228.0,0.441,4,1,1,0
33,28369.0,0.178,11,0,1,0
21,43900.0,0.097,0,0,0,0
68,23653.0,0.152,4,0,1,0
22,49553.0,0.186,4,2,0,1
60,30553.0,0.149,9,1,0,0
50,19639.0,0.343,10,0,0,1
21,7055.0,0.174,0,0,0,0
32,15852.0,0.054,8,0,0,0
29,13539.0,0.209,3,2,0,1
24,26459.0,0.348,4,2,1,1
50,33719.0,0.229,0,2,1,0
27,57242.0,0.52,1,2,0,1
37,28399.0,0.045,10,2,0,0
39,16020.0,0.733,10,0,0,1
22,92725.0,0.112,8,0,0,0
37,33431.0,0.286,8,0,1,0
50,25087.0,0.095,8,1,0,0
48,25109.0,0.215,9,1,1,0
47,14566.0,0.087,4,0,0,0
64,39370.0,0.305,10,0,0,0
30,34545.0,0.244,9,2,1,0
38,63443.0,0.242,4,0,0,0
54,49761.0,0.455,3,0,1,0
30,44293.0,0.394,0,1,0,0
36,53851.0,0.146,11,2,0,0
49,24912.0,0.394,11,1,1,0
55,23013.0,0.139,2,0,1,0
21,28037.0,0.304,6,0,1,0
40,15422.0,0.496,5,1,1,0
39,26782.0,0.156,5,0,1,0
36,24411.0,0.153,6,0,1,0
36,40235.0,0.66,7,1,1,1
62,28602.0,0.349,7,1,0,1
39,11101.0,0.459,2,0,1,1
50,29282.0,0.233,5,1,1,0
23,58575.0,0.068,8,2,0,0
58,11530.0,0.269,9,0,1,0
48,19755.0,0.069,8,1,0,0
39,29137.0,0.197,3,0,0,0
51,14891.0,0.186,7,0,1,0
58,21970.0,0.265,5,1,1,0
57,29747.0,0.231,8,1,0,0
63,14961.0,0.092,0,1,1,0
67,33540.0,0.35,6,1,0,0
58,35541.0,0.357,1,0,1,0
38,15369.0,0.243,2,2,0,1
58,29384.0,0.453,0,1,1,0
53,49767.0,0.48,11,0,0,0
36,26575.0,0.153,5,0,0,0
42,36096.0,0.536,7,0,1,0
21,40061.0,0.086,4,0,0,0
31,25837.0,0.486,6,0,1,0
27,47514.0,0.327,11,0,0,0
64,35255.0,0.665,11,0,0,0
66,17726.0,0.179,9,0,0,0
57,37798.0,0.21,7,1,1,0
34,44884.0,0.226,0,0,0,0
67,43580.0,0.155,0,0,0,0
32,21130.0,0.405,3,2,1,1
61,36711.0,0.224,9,2,0,1
58,57978.0,0.655,5,1,1,1
65,32775.0,0.54,0,1,0,1
57,52832.0,0.404,3,0,0,0
27,56023.0,0.251,0,1,1,0
21,28724.0,0.364,3,1,1,1
21,40721.0,0.446,3,1,0,1
68,25321.0,0.329,6,0,1,0
30,49970.0,0.111,2,2,0,0
62,28005.0,0.584,1,0,1,1
41,22268.0,0.39,8,0,1,0
63,28952.0,0.159,8,4,0,1
54,28289.0,0.233,11,1,0,0
24,35522.0,0.205,6,0,1,0
42,37042.0,0.289,7,2,0,1
53,16400.0,0.28,9,1,0,0
46,21206.0,0.062,7,2,1,1
28,35173.0,0.395,9,0,0,0
58,37384.0,0.172,6,0,0,0
55,30694.0,0.171,6,0,0,0
24,109792.0,0.549,3,0,1,0
30,51516.0,0.171,7,0,0,0
54,28363.0,0.227,6,0,0,0
27,42442.0,0.212,11,0,0,0
23,57606.0,0.298,1,0,1,0
38,35448.0,0.29,8,1,0,1
33,12345.0,0.165,5,0,0,0
38,31044.0,0.571,8,0,1,0
56,30353.0,0.156,5,0,0,0
32,86024.0,0.078,0,0,1,0
54,11823.0,0.238,9,1,1,0
49,64252.0,0.232,6,2,1,0
40,27448.0,0.35,7,1,1,0
26,47308.0,0.118,6,2,0,0
35,25678.0,0.201,0,2,1,0
39,32461.0,0.144,1,1,1,0
61,52393.0,0.382,3,0,1,0
21,31053.0,0.207,10,0,1,0
34,50460.0,0.301,6,0,1,0
57,28621.0,0.254,7,0,0,0
22,24291.0,0.526,5,1,0,1
49,26736.0,0.295,11,0,1,0
33,23204.0,0.572,1,0,0,1
43,28110.0,0.132,4,1,0,0
22,59010.0,0.236,0,0,1,0
32,16643.0,0.379,1,2,0,1
60,13029.0,0.202,8,0,0,0
68,29624.0,0.129,7,2,1,0
26,69446.0,0.231,5,1,0,0
64,50503.0,0.06,5,0,0,0
68,58000.0,0.068,3,0,1,0
52,55968.0,0.022,3,2,1,0
31,20808.0,0.495,6,1,0,1
53,31806.0,0.391,11,0,0,0
35,7928.0,0.096,5,1,1,0
37,22120.0,0.153,11,0,1,0
49,40661.0,0.418,9,1,0,1
28,13783.0,0.482,7,2,1,1
36,10718.0,0.586,6,0,0,1
67,15693.0,0.663,3,1,1,1
39,33540.0,0.385,2,2,0,1
51,53942.0,0.225,4,4,1,1
26,109773.0,0.103,7,1,0,0
56,61637.0,0.301,6,0,0,0
40,14136.0,0.453,2,0,1,0
50,9462.0,0.372,4,1,1,1
22,32569.0,0.06,8,0,1,0
30,51373.0,0.545,1,0,0,0
31,13480.0,0.252,1,0,0,0
27,23337.0,0.092,9,0,1,0
65,24226.0,0.147,10,0,0,0
45,30893.0,0.512,5,4,0,1
34,27792.0,0.134,9,0,1,0
32,39407.0,0.102,5,0,1,0
34,51712.0,0.805,9,0,0,1
32,31620.0,0.447,11,1,1,1
54,44437.0,0.497,0,2,1,1
47,82799.0,0.144,1,1,1,0
64,18351.0,0.118,10,1,0,0
61,18131.0,0.422,10,1,1,1
35,39526.0,0.654,10,1,0,1
36,77431.0,0.268,11,1,1,0
39,33367.0,0.349,3,4,0,1
61,53059.0,0.179,7,1,1,0
56,26354.0,0.176,8,0,0,0
42,48644.0,0.217,9,0,1,0
59,22512.0,0.264,11,1,0,0
51,43188.0,0.175,4,1,0,0
51,37596.0,0.511,6,1,0,1
56,37617.0,0.308,6,4,1,1
29,61532.0,0.282,11,1,1,0
53,52785.0,0.173,6,0,0,0
29,22966.0,0.265,0,1,1,0
25,48290.0,0.365,8,0,1,0
58,13278.0,0.237,5,1,1,0
22,50981.0,0.462,9,0,1,0
55,123097.0,0.317,8,0,1,0
31,40636.0,0.243,1,0,1,0
64,40229.0,0.088,7,0,1,0
22,32253.0,0.246,4,0,1,0
59,47432.0,0.172,2,1,1,0
65,25005.0,0.132,3,1,0,0
41,43885.0,0.101,2,1,0,0
68,27427.0,0.449,9,1,0,0
27,25442.0,0.285,7,0,0,0
63,33507.0,0.301,11,0,1,0
64,30591.0,0.082,6,0,0,0
32,13246.0,0.215,7,1,0,0
55,89176.0,0.149,1,0,1,0
57,33886.0,0.412,10,0,1,0
49,13540.0,0.23,3,0,0,1
22,54202.0,0.569,8,0,1,0
54,31185.0,0.514,4,0,1,0
25,35045.0,0.547,4,1,1,1
39,45064.0,0.339,0,0,0,0
34,20228.0,0.753,10,1,0,1
37,7263.0,0.319,6,0,1,0
69,30110.0,0.648,2,1,0,1
49,35727.0,0.42,0,0,1,0
37,52260.0,0.336,5,0,0,0
44,21681.0,0.387,7,0,0,0
55,27703.0,0.073,2,0,0,0
55,38651.0,0.29,0,1,0,0
60,27025.0,0.435,5,0,0,0
66,27944.0,0.229,3,1,0,0
64,35959.0,0.352,8,1,0,1
62,19238.0,0.228,1,2,0,1
51,69890.0,0.035,8,0,1,0
39,19958.0,0.226,5,0,1,0
39,32225.0,0.033,10,1,1,0
39,26837.0,0.442,5,0,1,0
43,22207.0,0.216,4,2,1,0
66,41341.0,0.517,3,1,0,1
53,52440.0,0.688,8,1,0,1
40,65490.0,0.321,5,0,0,0
59,42301.0,0.211,10,2,1,0
60,25267.0,0.431,3,0,0,0
28,48656.0,0.305,9,0,1,0
25,15347.0,0.438,10,1,1,1
42,32376.0,0.267,9,0,0,0
43,41008.0,0.459,5,0,0,0
23,41854.0,0.069,8,0,1,0
46,17734.0,0.304,0,0,1,0
50,14905.0,0.091,3,1,1,0
60,72282.0,0.123,5,1,1,0
49,24366.0,0.22,5,0,1,0
64,13798.0,0.409,5,1,1,1
42,16905.0,0.216,2,0,1,0
28,31601.0,0.171,5,2,1,1
56,56577.0,0.137,4,1,1,0
51,31291.0,0.409,5,0,1,0
44,57060.0,0.12,11,0,1,0
51,35029.0,0.837,6,0,0,1
31,39570.0,0.206,2,1,1,0
28,51090.0,0.146,5,1,0,1
37,25858.0,0.286,3,1,1,0
61,36160.0,0.036,11,0,1,0
61,25667.0,0.575,11,2,1,1
48,22645.0,0.348,1,0,0,0
34,43204.0,0.479,7,1,0,1
68,20625.0,0.5,11,0,1,0
68,32344.0,0.288,5,2,1,0
30,20908.0,0.4,0,1,1,1
54,29677.0,0.133,4,0,1,0
46,23818.0,0.022,4,1,0,0
63,53540.0,0.464,7,0,0,1
36,32204.0,0.252,7,0,1,0
44,32135.0,0.24,9,0,1,0
52,70415.0,0.402,0,0,0,0
52,7251.0,0.263,8,0,1,0
50,17611.0,0.209,4,0,0,0
33,7802.0,0.136,2,2,0,0
46,30551.0,0.112,0,1,0,0
65,38122.0,0.282,3,2,0,0
36,42195.0,0.254,1,2,1,0
32,34936.0,0.552,5,1,1,1
45,19732.0,0.237,1,1,1,0
43,73240.0,0.228,9,2,0,0
39,35474.0,0.142,10,0,0,0
69,26706.0,0.323,1,0,1,0
64,17354.0,0.021,11,0,0,0
26,37477.0,0.326,3,2,1,0
43,23736.0,0.442,2,1,1,1
52,24211.0,0.327,3,1,1,0
44,33597.0,0.507,7,1,1,1
68,33756.0,0.563,10,0,1,0
33,20067.0,0.101,9,0,0,0
66,56574.0,0.345,3,1,1,0
33,18305.0,0.826,8,0,0,1
64,17274.0,0.086,2,0,1,0
67,35198.0,0.171,5,0,0,0
33,32142.0,0.365,3,2,1,1
36,31214.0,0.371,5,0,1,0
25,24522.0,0.238,5,0,0,0
63,30755.0,0.323,7,0,0,0
29,22711.0,0.345,4,0,0,0
50,13193.0,0.345,9,0,1,0
37,43438.0,0.099,10,0,1,0
69,18115.0,0.114,3,0,0,0
52,26806.0,0.069,5,0,0,0
29,43309.0,0.433,10,1,1,0
58,30405.0,0.051,10,1,0,0
67,118327.0,0.24,7,1,1,0
48,14915.0,0.054,11,2,0,0
58,20648.0,0.224,11,0,0,0
56,31363.0,0.231,9,1,1,0
48,59114.0,0.04,11,0,0,0
60,26485.0,0.463,10,1,1,1
55,14655.0,0.209,11,0,0,0
29,53089.0,0.211,1,3,0,0
56,18900.0,0.049,7,2,0,0
48,27127.0,0.258,7,0,0,1
42,46531.0,0.226,2,1,1,0
50,21420.0,0.267,6,1,0,0
52,23875.0,0.129,10,0,1,0
27,38179.0,0.063,7,1,0,0
32,27011.0,0.378,4,0,0,0
58,34505.0,0.111,3,0,0,0
22,18621.0,0.115,11,2,0,1
26,28154.0,0.259,5,1,1,0
54,17305.0,0.191,9,1,0,1
30,13705.0,0.557,5,0,0,1
44,71817.0,0.515,3,1,1,0
59,37455.0,0.267,6,0,0,0
65,47182.0,0.348,10,2,0,0
61,18385.0,0.569,0,2,0,1
33,29398.0,0.331,1,0,1,0
36,26906.0,0.141,11,1,0,0
61,14651.0,0.563,8,0,1,0
59,39174.0,0.562,6,0,0,0
69,20775.0,0.137,5,1,1,0
57,26930.0,0.168,0,0,0,0
65,13957.0,0.19,3,2,0,1
40,48958.0,0.33,9,0,1,0
68,43556.0,0.293,7,0,1,0
37,36256.0,0.218,9,0,0,0
28,18911.0,0.549,10,2,1,1
47,22758.0,0.298,4,1,1,0
29,54887.0,0.118,2,2,0,0
23,25944.0,0.244,4,0,0,0
32,34048.0,0.095,4,1,0,0
39,31966.0,0.065,10,0,1,0
38,17030.0,0.117,4,1,1,0
21,63841.0,0.172,9,2,0,0
26,11049.0,0.481,7,0,1,0
26,33323.0,0.381,5,1,1,0
28,28516.0,0.167,11,0,1,0
58,13268.0,0.05,9,1,0,0
21,35173.0,0.569,3,1,0,1
36,38642.0,0.217,2,0,0,0
66,30573.0,0.41,1,1,0,1
38,19696.0,0.362,6,2,1,1
38,37310.0,0.289,1,1,0,0
57,52021.0,0.399,8,1,0,0
51,33277.0,0.473,11,0,0,1
32,70547.0,0.073,4,0,1,0
43,45784.0,0.396,9,1,0,0
45,43780.0,0.382,4,0,1,0
57,59720.0,0.203,10,3,0,1
41,21410.0,0.786,2,1,1,1
60,22965.0,0.186,4,0,0,0
42,38569.0,0.439,7,1,1,0
39,38644.0,0.213,1,1,1,0
37,63397.0,0.581,0,0,0,1
47,52863.0,0.154,6,0,0,0
44,32554.0,0.13,5,0,1,0
25,33277.0,0.495,6,1,1,0
40,26006.0,0.282,5,0,0,0
34,24882.0,0.21,6,1,1,0
45,23837.0,0.066,6,1,1,0
31,46977.0,0.102,2,2,0,0
64,23635.0,0.103,8,0,1,0
36,25060.0,0.103,11,0,0,0
46,32424.0,0.615,0,3,1,1
36,23188.0,0.13,4,1,0,0
49,26743.0,0.09,1,2,1,0
49,10076.0,0.395,8,0,1,0
39,36210.0,0.191,8,0,1,0
37,25809.0,0.692,7,1,0,1
54,33133.0,0.512,3,0,1,0
37,36237.0,0.361,10,0,0,1
43,11939.0,0.212,2,0,0,0
61,100587.0,0.126,10,0,0,0
22,32885.0,0.008,0,1,1,0
21,33353.0,0.504,1,0,1,0
44,12553.0,0.141,1,1,0,0
21,42026.0,0.138,2,2,1,0
48,38014.0,0.133,5,0,1,0
23,25958.0,0.314,7,3,0,1
31,35332.0,0.349,9,2,0,1
63,59548.0,0.372,6,0,0,0
46,26637.0,0.104,3,1,0,0
52,20117.0,0.24,10,1,0,0
30,61714.0,0.332,10,1,0,0
56,36322.0,0.245,2,0,1,0
29,29173.0,0.27,0,2,1,0
67,100888.0,0.157,4,1,1,0
24,34622.0,0.389,7,2,0,1
31,29332.0,0.253,8,1,0,1
65,36557.0,0.323,1,0,0,0
66,26182.0,0.569,2,1,1,1
31,35612.0,0.171,10,1,1,0
32,34462.0,0.395,6,0,0,0
68,23026.0,0.269,9,0,1,0
46,28055.0,0.356,1,3,0,1
55,37267.0,0.468,11,1,0,1
54,38613.0,0.152,5,1,0,0
49,42638.0,0.386,8,0,0,0
60,47144.0,0.074,6,0,1,0
29,36035.0,0.217,11,1,0,1
33,41169.0,0.067,5,1,1,0
28,26263.0,0.201,4,0,1,0
44,27913.0,0.033,2,0,0,0
22,53284.0,0.154,8,0,1,0
23,11795.0,0.392,10,1,1,0
35,38058.0,0.276,1,4,0,1
35,153415.0,0.365,11,1,1,0
61,12492.0,0.423,2,0,1,0
69,66617.0,0.588,1,2,0,1
36,13042.0,0.29,3,1,0,1
65,37516.0,0.188,2,0,0,0
62,70296.0,0.255,2,2,1,0
49,65447.0,0.311,3,1,1,0
46,19721.0,0.126,1,0,0,0
59,16160.0,0.076,5,1,1,0
25,15052.0,0.213,4,2,0,1
65,44103.0,0.511,8,1,0,0
30,25298.0,0.17,5,2,0,1
37,30794.0,0.459,5,0,1,0
62,34887.0,0.632,6,1,0,1
69,37587.0,0.249,8,0,1,0
26,39963.0,0.151,1,0,1,0
42,32492.0,0.701,2,0,0,1
65,13672.0,0.177,5,2,1,1
28,63132.0,0.351,11,0,0,0
45,7718.0,0.115,7,0,1,0
46,56485.0,0.158,4,0,0,0
21,22511.0,0.418,0,0,1,0
50,27553.0,0.258,10,1,1,0
42,23409.0,0.097,1,0,1,0
54,25253.0,0.683,9,2,1,1
61,30038.0,0.803,5,0,0,1
53,26389.0,0.424,4,2,1,1
66,17524.0,0.525,3,1,0,1
23,46380.0,0.248,9,2,1,0
61,22691.0,0.296,1,1,1,0
52,59331.0,0.048,8,1,0,0
67,28078.0,0.301,9,1,0,0
66,21294.0,0.521,5,2,0,1
50,37699.0,0.325,4,0,1,0
53,47235.0,0.381,0,1,1,0
48,19089.0,0.539,6,0,0,1
68,26290.0,0.163,2,1,1,0
29,61838.0,0.126,3,0,0,0
46,18387.0,0.164,1,0,0,0
63,19804.0,0.436,10,1,1,0
60,32924.0,0.162,6,1,1,0
40,16502.0,0.359,11,0,1,1
27,8834.0,0.145,5,0,1,0
37,13156.0,0.249,4,1,0,1
64,36522.0,0.281,8,1,0,0
35,42019.0,0.645,3,1,0,1
42,40727.0,0.688,10,0,0,1
29,36820.0,0.264,3,0,0,0
63,16351.0,0.313,3,0,0,0
44,42499.0,0.136,5,1,1,0
36,53884.0,0.558,1,1,1,0
25,21371.0,0.263,7,0,0,0
51,48530.0,0.568,8,0,1,0
42,25217.0,0.17,9,2,1,0
62,33324.0,0.316,2,0,0,0
67,36421.0,0.19,0,1,0,0
55,14419.0,0.185,1,0,0,0
27,63083.0,0.037,9,2,0,0
51,19764.0,0.261,10,1,1,0
63,28828.0,0.491,1,1,0,1
68,23690.0,0.436,4,0,0,0
36,38135.0,0.197,6,1,1,0
25,37642.0,0.386,5,1,1,0
31,30655.0,0.468,8,2,1,1
25,61511.0,0.202,7,2,1,0
51,34941.0,0.158,1,0,1,0
48,24849.0,0.533,10,1,1,1
43,7189.0,0.51,6,0,0,0
67,26355.0,0.425,4,0,0,1
29,26245.0,0.575,10,0,0,1
54,19631.0,0.207,11,1,0,0
68,19735.0,0.286,10,1,1,0
36,40827.0,0.272,6,3,0,1
47,51173.0,0.21,3,0,0,0
26,78267.0,0.199,6,0,0,0
38,53731.0,0.375,2,0,0,0
42,21306.0,0.177,5,2,0,0
56,34499.0,0.173,8,0,0,0
44,15350.0,0.401,4,0,0,0
59,43735.0,0.215,8,1,0,0
43,36294.0,0.247,7,1,1,0
30,22365.0,0.59,3,0,1,0
51,28793.0,0.396,2,0,0,0
28,26780.0,0.218,0,0,1,0
34,22079.0,0.132,1,0,1,0
64,58753.0,0.238,10,3,0,1
64,143391.0,0.449,5,1,1,0
61,45831.0,0.179,6,1,1,0
35,51531.0,0.199,9,0,0,0
54,32896.0,0.297,4,1,1,0
26,25496.0,0.185,8,0,1,0
58,91023.0,0.317,0,0,1,0
38,25294.0,0.406,3,1,0,1
29,37024.0,0.516,9,0,0,1
66,28617.0,0.374,1,1,0,0
44,40813.0,0.453,10,0,0,1
28,29637.0,0.342,3,0,1,0
53,40865.0,0.208,11,1,0,0
34,16125.0,0.415,3,0,1,0
54,28880.0,0.28,10,0,1,0
66,60269.0,0.229,1,0,1,0
38,18118.0,0.448,11,1,1,1
38,21756.0,0.083,5,0,1,0
30,60274.0,0.165,11,0,0,0
62,37180.0,0.129,7,2,1,0
38,51826.0,0.198,9,3,0,1
23,9921.0,0.544,5,1,1,1
41,32656.0,0.29,8,2,0,0
64,16043.0,0.228,0,3,1,1
26,15137.0,0.427,3,0,0,1
32,37287.0,0.204,1,0,1,0
67,54877.0,0.202,3,0,1,0
29,14355.0,0.406,5,1,0,1
26,17434.0,0.488,1,0,0,1
57,22646.0,0.173,6,1,1,0
24,28466.0,0.466,7,1,1,1
69,15578.0,0.118,5,4,1,1
62,93988.0,0.354,2,0,0,0
68,40682.0,0.572,4,1,1,1
55,25300.0,0.205,9,0,0,0
57,23359.0,0.526,8,0,0,1
27,97038.0,0.376,11,0,1,0
65,93044.0,0.534,6,0,1,0
66,23687.0,0.309,2,0,0,0
69,36011.0,0.235,9,0,0,0
51,56873.0,0.385,1,1,1,0
48,16695.0,0.246,11,0,1,0
29,22515.0,0.211,6,2,0,1
28,59484.0,0.551,5,1,0,1
51,21326.0,0.502,8,0,1,0
62,24309.0,0.273,7,0,0,0
55,15350.0,0.295,1,0,0,0
40,20594.0,0.126,9,1,1,0
52,42533.0,0.241,7,0,1,0
36,19934.0,0.338,8,0,0,1
22,15633.0,0.517,11,0,1,0
45,21949.0,0.073,1,1,1,0
67,73216.0,0.163,6,0,0,0
22,32851.0,0.253,4,2,0,0
33,22666.0,0.269,4,0,0,0
21,32430.0,0.238,6,0,1,0
40,37495.0,0.306,10,0,0,0
33,31889.0,0.213,3,0,0,0
29,12094.0,0.213,1,2,1,1
50,34831.0,0.254,5,0,1,0
62,26910.0,0.263,10,0,0,0
57,45757.0,0.1,11,0,0,0
64,15162.0,0.436,7,1,0,1
67,50689.0,0.502,8,0,1,0
61,23307.0,0.192,6,2,1,0
61,12663.0,0.245,4,3,0,1
24,58342.0,0.454,4,0,0,0
67,23039.0,0.126,5,0,0,0
24,36024.0,0.272,8,2,0,0
52,27506.0,0.378,10,0,0,0
69,51700.0,0.591,9,0,0,0
56,51996.0,0.437,2,2,1,0
56,52247.0,0.351,1,0,1,0
49,42692.0,0.435,8,0,0,0
34,13210.0,0.468,2,0,1,0
24,12767.0,0.097,8,1,0,0
52,32921.0,0.377,2,0,0,1
24,18409.0,0.147,2,1,1,0
46,37616.0,0.101,0,0,0,0
58,32333.0,0.194,4,2,1,0
29,14584.0,0.313,7,1,0,0
30,17633.0,0.48,5,0,0,0
65,16784.0,0.031,10,1,1,0
59,19001.0,0.222,3,1,0,0
56,26769.0,0.445,9,1,0,0
43,41881.0,0.377,11,0,0,0
67,58349.0,0.159,7,1,1,0
21,18211.0,0.008,7,0,0,0
33,22358.0,0.547,3,0,0,0
48,65042.0,0.031,1,1,1,0
23,46633.0,0.302,5,0,0,0
42,33420.0,0.472,4,0,0,0
46,9090.0,0.201,11,1,0,1
24,17866.0,0.468,1,1,1,0
29,32168.0,0.154,7,0,1,0
33,22048.0,0.087,5,1,0,0
67,81052.0,0.362,4,0,1,0
36,31078.0,0.05,8,0,1,0
52,34252.0,0.235,2,0,0,0
37,17047.0,0.226,5,0,0,0
35,17528.0,0.572,11,0,1,1
55,21204.0,0.235,7,2,0,1
61,21640.0,0.224,9,0,0,0
29,26377.0,0.505,3,1,1,1
29,35847.0,0.435,10,1,1,0
42,33460.0,0.475,1,1,0,1
44,49220.0,0.048,7,0,0,0
50,14992.0,0.151,3,0,0,0
54,33009.0,0.164,4,0,1,0
67,33498.0,0.214,9,0,0,0
65,66180.0,0.255,8,1,1,0
26,26579.0,0.552,2,1,0,1
31,34990.0,0.082,7,0,0,0
24,19651.0,0.107,5,2,0,0
67,36748.0,0.553,1,0,1,0
30,36276.0,0.159,8,0,0,0
52,21607.0,0.392,3,1,1,0
31,23773.0,0.289,6,0,1,0
30,29200.0,0.127,10,1,1,0
28,39781.0,0.17,2,0,0,0
67,16603.0,0.204,9,0,1,0
24,46401.0,0.131,6,3,0,0
63,25091.0,0.136,10,2,0,0
31,77481.0,0.387,11,0,0,0
22,62086.0,0.065,3,1,1,0
31,24194.0,0.215,4,0,1,0
38,21625.0,0.107,7,0,1,0
44,102785.0,0.367,1,0,0,0
49,40810.0,0.619,9,0,0,1
52,39549.0,0.328,7,0,1,0
48,23968.0,0.357,0,0,0,1
38,27802.0,0.245,6,1,0,0
36,44604.0,0.111,5,0,1,0
29,40531.0,0.101,10,0,1,0
40,19541.0,0.429,2,2,1,1
25,55658.0,0.265,8,1,1,0
43,34700.0,0.33,2,0,1,0
33,18363.0,0.227,8,1,0,0
51,49103.0,0.183,9,2,1,0
29,27178.0,0.237,6,1,1,0
49,44116.0,0.23,4,1,0,0
44,22450.0,0.246,4,1,1,0
43,35664.0,0.372,9,1,0,0
63,13078.0,0.236,8,0,1,0
41,35864.0,0.211,6,1,0,0
56,13783.0,0.258,10,0,1,0
26,32258.0,0.425,6,1,0,1
30,8254.0,0.021,1,0,1,0
50,28757.0,0.384,5,2,0,1
22,42790.0,0.62,11,2,0,1
68,37947.0,0.314,6,1,1,0
24,54347.0,0.147,8,1,0,0
53,17276.0,0.381,4,0,0,1
42,65564.0,0.191,10,1,1,0
59,66818.0,0.173,4,0,0,0
38,16200.0,0.293,5,0,1,0
68,19877.0,0.189,8,1,0,0
54,22257.0,0.687,1,0,1,1
24,29353.0,0.236,1,0,0,0
25,32615.0,0.416,2,1,1,1
35,8543.0,0.407,3,0,1,0
33,40061.0,0.354,7,0,0,0
63,26103.0,0.076,4,2,1,0
54,17757.0,0.128,2,2,0,0
60,47943.0,0.553,1,2,1,0
48,24943.0,0.24,10,2,0,1
27,52664.0,0.253,1,0,1,0
46,38838.0,0.561,3,1,1,1
54,25251.0,0.128,11,1,1,0
65,53617.0,0.271,8,0,1,0
39,44563.0,0.539,10,1,0,1
26,22994.0,0.161,7,3,0,1
34,13156.0,0.412,3,0,1,0
30,22517.0,0.285,3,0,0,0
36,40494.0,0.125,2,1,0,0
48,26307.0,0.531,2,0,1,0
52,72204.0,0.566,2,0,1,0
48,33832.0,0.289,0,0,1,0
21,32721.0,0.125,11,2,0,1
69,36353.0,0.47,4,1,0,1
34,19001.0,0.482,8,0,0,1
68,27883.0,0.266,10,1,1,0
22,21248.0,0.552,6,1,0,1
49,9077.0,0.379,6,0,0,0
55,12097.0,0.37,10,1,1,1
58,43013.0,0.164,4,0,1,0
61,23707.0,0.337,11,1,1,0
55,27882.0,0.208,8,0,0,0
31,14076.0,0.169,4,1,1,0
27,22040.0,0.219,8,1,0,0
52,44007.0,0.671,11,0,1,0
50,31133.0,0.231,8,2,1,0
44,22825.0,0.153,3,0,1,0
35,64123.0,0.597,7,0,1,0
26,28762.0,0.384,10,1,0,0
38,24853.0,0.299,10,2,1,1
37,52799.0,0.031,0,1,0,0
28,12365.0,0.124,3,0,0,0
22,39146.0,0.258,0,1,0,0
21,16904.0,0.299,2,0,0,0
51,19927.0,0.542,11,0,1,0
62,21002.0,0.521,5,0,1,0
52,31642.0,0.135,0,0,1,0
56,31297.0,0.152,11,0,1,0
35,34548.0,0.326,3,1,1,0
57,32935.0,0.121,8,1,1,0
58,60098.0,0.077,8,0,1,0
35,69504.0,0.619,7,2,0,1
21,42387.0,0.062,1,1,1,0
41,43422.0,0.427,1,1,1,0
64,24542.0,0.368,8,0,0,0
29,17039.0,0.163,4,1,1,0
33,39951.0,0.306,0,0,1,0
50,30197.0,0.286,7,1,1,0
33,45693.0,0.05,9,0,0,0
62,11826.0,0.348,3,1,1,1
42,114374.0,0.317,8,1,1,0
59,15634.0,0.3,2,0,1,0
30,30200.0,0.035,10,0,1,0
66,48892.0,0.203,10,0,0,0
37,14777.0,0.213,1,0,0,0
33,22457.0,0.167,5,1,0,0
41,10726.0,0.378,9,0,0,0
55,14436.0,0.139,4,0,0,0
36,11180.0,0.457,2,0,1,0
27,31282.0,0.395,6,3,1,1
60,34427.0,0.116,9,0,0,0
47,25303.0,0.238,4,1,1,0
66,56117.0,0.222,2,0,0,0
26,59773.0,0.04,11,0,1,0
58,29593.0,0.196,3,0,1,0
47,26574.0,0.033,2,0,0,0
58,25869.0,0.332,4,0,0,0
47,23644.0,0.19,8,2,1,0
25,57369.0,0.34,10,0,0,0
38,33490.0,0.399,4,1,0,1
43,25139.0,0.405,9,0,0,1
38,26501.0,0.235,2,1,0,0
37,39125.0,0.646,2,0,1,1
55,24316.0,0.216,3,0,1,0
26,34824.0,0.395,1,1,0,1
44,29194.0,0.208,6,0,1,0
68,58827.0,0.308,6,2,1,0
40,53316.0,0.482,8,0,0,0
23,14567.0,0.607,10,0,1,0
26,27432.0,0.253,4,1,1,1
67,42561.0,0.114,6,0,1,0
34,23725.0,0.203,8,0,0,0
34,44742.0,0.271,10,1,0,0
62,35228.0,0.201,11,0,0,0
33,40106.0,0.724,10,0,0,1
68,28828.0,0.047,7,1,0,0
27,34683.0,0.131,8,1,0,0
39,38741.0,0.383,9,1,0,0
44,14194.0,0.059,8,2,0,1
63,18767.0,0.039,10,1,1,0
49,17827.0,0.289,9,3,1,1
63,69443.0,0.389,5,1,0,0
67,34668.0,0.08,9,0,0,0
31,35910.0,0.249,3,1,1,0
57,32486.0,0.079,11,1,0,0
34,22936.0,0.344,11,3,0,1
67,20463.0,0.132,8,0,1,0
55,45646.0,0.515,2,0,0,1
45,24678.0,0.243,1,0,0,0
35,65947.0,0.165,10,0,0,0
52,32872.0,0.496,9,0,0,0
67,31198.0,0.372,4,2,0,1
27,26682.0,0.431,3,0,0,1
38,28708.0,0.06,2,1,1,0
61,30316.0,0.293,4,1,0,0
56,64073.0,0.092,9,0,1,0
49,96467.0,0.362,5,0,1,0
55,16687.0,0.227,11,0,1,0
39,33897.0,0.321,6,1,0,0
31,42569.0,0.215,2,3,1,0
37,18939.0,0.324,8,1,0,1
63,21695.0,0.178,2,1,0,0
30,23700.0,0.274,7,0,1,0
37,8899.0,0.361,3,2,0,1
24,41365.0,0.552,4,1,1,0
26,29150.0,0.257,2,0,1,0
49,28477.0,0.233,1,0,1,0
23,31098.0,0.348,7,0,0,1
59,33829.0,0.098,6,2,1,0
43,95432.0,0.344,0,1,0,0
51,32700.0,0.359,2,1,0,1
52,45398.0,0.272,4,0,1,0
69,23001.0,0.444,1,2,1,1
34,35654.0,0.301,5,0,1,0
34,25511.0,0.093,1,1,1,0
62,27718.0,0.249,9,0,0,0
48,18987.0,0.388,5,1,1,0
34,19838.0,0.306,6,0,1,0
22,37577.0,0.146,10,2,0,0
62,43470.0,0.296,5,1,1,0
30,37677.0,0.056,8,0,0,0
22,21349.0,0.38,10,2,0,1
67,35056.0,0.133,11,2,1,0
33,8382.0,0.182,10,0,0,0
22,48032.0,0.387,6,0,0,0
28,29363.0,0.182,7,0,1,0
39,34297.0,0.07,9,1,0,0
42,53718.0,0.263,7,1,0,0
45,24243.0,0.296,1,1,0,0
38,48482.0,0.029,4,0,1,0
52,24044.0,0.197,10,0,0,0
40,39406.0,0.224,10,1,0,0
40,24456.0,0.398,8,1,1,0
62,34952.0,0.495,7,1,1,0
45,62164.0,0.211,7,0,1,0
49,21665.0,0.246,2,1,0,1
35,22113.0,0.14,1,1,1,0
50,25503.0,0.345,4,1,0,0
53,34957.0,0.071,7,0,1,0
40,119407.0,0.327,10,0,1,0
43,22508.0,0.195,3,2,1,1
60,10811.0,0.126,9,0,1,0
35,21689.0,0.611,10,1,1,1
45,13611.0,0.179,8,1,0,0
24,22755.0,0.123,6,1,1,0
57,30396.0,0.128,8,1,1,0
29,18636.0,0.059,11,1,1,0
65,21424.0,0.21,10,0,1,0
38,11815.0,0.333,8,0,1,0
50,33026.0,0.449,0,0,0,1
55,20726.0,0.085,1,0,1,0
42,52019.0,0.257,8,1,1,0
30,51119.0,0.249,0,1,1,0
33,19525.0,0.336,7,0,0,0
53,25084.0,0.183,4,0,1,0
65,31037.0,0.083,9,2,1,0
64,44185.0,0.323,11,1,1,0
58,13067.0,0.191,4,0,0,0
61,29166.0,0.487,5,2,1,1
60,76973.0,0.215,2,0,1,0
38,28936.0,0.398,6,0,1,0
31,33822.0,0.224,7,0,0,0
64,30294.0,0.421,6,1,0,1
42,16661.0,0.276,10,1,0,0
52,48791.0,0.286,11,0,1,0
64,34680.0,0.086,11,2,1,0
61,32907.0,0.444,11,0,0,0
33,43657.0,0.064,0,1,0,0
67,45015.0,0.752,3,0,0,1
60,11737.0,0.388,4,2,0,1
21,38650.0,0.271,6,1,1,0
47,22666.0,0.435,10,0,1,0
21,32904.0,0.22,0,1,0,0
31,21239.0,0.567,1,2,1,1
52,19687.0,0.087,11,1,0,0
39,49004.0,0.256,9,1,1,0
50,30294.0,0.451,10,0,1,0
24,26413.0,0.097,11,0,1,0
27,26354.0,0.127,11,0,0,0
53,31720.0,0.252,8,0,1,0
31,30228.0,0.281,8,0,1,0
56,9313.0,0.411,10,3,1,1
32,19710.0,0.447,7,2,1,1
22,27120.0,0.46,0,0,1,1
22,44401.0,0.529,0,0,1,0
35,60492.0,0.46,0,1,1,0
23,19157.0,0.299,5,1,0,1
58,80838.0,0.436,9,2,1,0
24,32138.0,0.385,3,0,1,0
30,39203.0,0.344,5,3,1,1
52,23500.0,0.122,2,1,0,0
47,22694.0,0.359,7,2,1,1
50,63181.0,0.254,4,1,1,0
60,27590.0,0.374,4,0,0,0
52,29267.0,0.167,4,0,1,0
48,55097.0,0.252,0,0,1,0
34,73166.0,0.262,11,2,1,0
26,14569.0,0.172,1,0,0,0
68,28117.0,0.266,4,1,0,1
65,30754.0,0.29,3,0,0,0
53,76799.0,0.172,10,1,1,0
57,106541.0,0.569,0,0,0,0
45,30218.0,0.16,5,1,1,0
48,37395.0,0.28,1,0,1,0
55,47900.0,0.154,5,0,1,0
37,55316.0,0.478,1,0,1,0
43,26497.0,0.605,11,1,1,1
49,47810.0,0.463,3,1,1,0
62,21934.0,0.441,1,1,0,0
40,8152.0,0.278,11,1,1,0
23,15613.0,0.156,6,1,0,1
26,34750.0,0.151,11,1,1,0
25,46233.0,0.774,4,0,1,1
26,10073.0,0.008,5,1,0,0
61,12650.0,0.439,6,1,1,1
23,30820.0,0.294,2,1,1,0
56,5763.0,0.219,6,1,1,0
29,41492.0,0.459,7,3,1,1
32,52705.0,0.222,1,0,1,0
33,7054.0,0.242,0,0,1,0
46,46221.0,0.147,1,0,1,0
52,28599.0,0.356,11,1,0,1
49,64173.0,0.409,0,2,1,0
49,36343.0,0.237,0,0,0,0
27,28025.0,0.214,8,2,1,1
49,33583.0,0.488,7,0,0,0
25,50680.0,0.493,9,0,1,0
61,34848.0,0.136,0,1,0,0
24,32355.0,0.173,11,2,1,0
25,15393.0,0.258,1,1,1,0
30,40451.0,0.225,4,3,1,0
40,32270.0,0.541,6,0,0,1
62,79954.0,0.128,11,0,0,0
24,31615.0,0.42,7,0,1,0
30,30484.0,0.239,8,1,0,0
41,23274.0,0.495,3,1,0,1
32,45804.0,0.343,3,1,1,0
24,28787.0,0.112,0,1,1,0
48,22407.0,0.357,1,0,1,0
24,71252.0,0.168,5,2,1,0
56,77965.0,0.035,11,1,0,0
26,25447.0,0.228,6,0,0,0
42,19117.0,0.017,2,0,1,0
40,56268.0,0.363,2,1,1,0
57,21032.0,0.111,6,0,1,0
58,131795.0,0.273,10,0,0,0
44,29885.0,0.383,1,2,0,1
34,51874.0,0.445,1,0,1,0
63,16698.0,0.31,4,2,0,1
57,31464.0,0.517,4,1,1,1
33,55438.0,0.26,4,1,1,0
32,39950.0,0.142,11,1,1,0
64,24474.0,0.257,4,1,1,0
35,109806.0,0.459,5,0,1,0
28,46463.0,0.335,8,1,0,0
44,28591.0,0.171,4,1,1,0
48,23681.0,0.063,1,1,0,0
24,28016.0,0.325,7,0,1,0
66,63230.0,0.45,6,0,1,0
42,21782.0,0.188,7,0,1,0
52,32624.0,0.345,11,2,0,1
49,21261.0,0.22,11,0,1,0
66,60273.0,0.443,9,2,1,0
61,29584.0,0.148,7,0,0,0
40,49511.0,0.208,4,2,0,1
23,42695.0,0.135,8,1,1,0
51,23990.0,0.298,10,2,1,1
60,45658.0,0.365,2,2,0,1
62,51495.0,0.348,8,0,1,0
48,18051.0,0.138,7,0,0,0
47,45736.0,0.131,5,1,1,0
49,192102.0,0.352,5,0,0,0
28,27673.0,0.382,5,1,1,0
23,44306.0,0.446,10,0,0,0
43,16424.0,0.084,3,1,1,0
64,40498.0,0.43,7,2,0,1
35,23903.0,0.088,5,0,0,0
34,47275.0,0.387,3,3,0,1
69,31325.0,0.518,6,1,1,0
47,17775.0,0.108,2,0,1,0
25,55911.0,0.254,2,0,0,0
47,28827.0,0.156,8,2,0,0
22,19278.0,0.201,9,0,1,0
65,33229.0,0.21,2,1,0,0
59,19756.0,0.167,6,0,0,0
50,39226.0,0.451,7,1,0,1
69,31130.0,0.072,2,0,1,0
69,26669.0,0.246,10,0,0,0
39,44977.0,0.216,7,1,0,0
32,16883.0,0.284,11,0,0,0
34,52462.0,0.351,10,0,0,0
53,11698.0,0.35,1,0,1,1
33,72281.0,0.602,2,0,0,0
49,35231.0,0.21,1,0,1,0
45,28139.0,0.251,7,1,0,0
46,22177.0,0.245,7,1,0,0
59,42368.0,0.097,8,0,0,0
51,29658.0,0.079,7,0,1,0
47,29385.0,0.106,9,1,1,0
47,54120.0,0.326,4,0,0,0
40,25821.0,0.218,9,0,1,0
37,28535.0,0.082,7,0,1,0
61,39933.0,0.143,11,0,1,0
52,55258.0,0.151,6,0,1,0
38,29802.0,0.692,4,2,1,1
25,34847.0,0.07,10,0,0,0
60,32906.0,0.443,6,1,1,0
44,46788.0,0.278,2,1,1,0
59,68259.0,0.165,0,0,1,0
43,20052.0,0.125,8,0,0,0
53,30052.0,0.136,8,0,0,0
31,31392.0,0.446,7,1,1,0
29,43316.0,0.228,2,1,0,0
48,68630.0,0.316,3,0,1,0
57,31873.0,0.609,6,1,0,1
53,35797.0,0.113,2,0,0,0
55,56963.0,0.363,2,0,1,0
27,17134.0,0.593,5,0,0,1
58,21777.0,0.144,0,1,1,0
35,25588.0,0.111,9,0,1,0
48,32014.0,0.202,1,2,0,1
24,36091.0,0.471,8,2,0,1
27,24708.0,0.114,9,0,1,0
50,77958.0,0.1,4,1,1,0
68,22460.0,0.282,4,1,0,1
25,28979.0,0.157,11,0,1,0
30,55629.0,0.304,0,0,0,0
32,47455.0,0.616,11,0,0,1
55,31859.0,0.222,1,0,0,0
42,38808.0,0.089,11,1,1,0
60,48541.0,0.368,3,2,0,0
43,31860.0,0.219,2,0,0,0
65,44523.0,0.271,7,1,1,0
22,20137.0,0.239,6,0,0,0
48,33198.0,0.436,11,0,1,0
67,13931.0,0.065,5,2,1,0
57,20353.0,0.507,10,2,1,1
32,17923.0,0.303,2,1,1,0
29,60216.0,0.59,5,0,0,0
50,25252.0,0.162,9,0,0,0
25,37129.0,0.241,6,1,1,0
31,19964.0,0.296,11,0,1,0
46,28770.0,0.058,10,1,1,0
50,27660.0,0.139,2,1,1,0
64,20635.0,0.191,7,1,1,0
38,49186.0,0.043,6,0,0,0
32,13687.0,0.505,3,1,1,1
36,43684.0,0.275,8,1,1,0
49,122454.0,0.295,1,0,1,0
44,20930.0,0.453,11,1,1,0
22,32213.0,0.255,8,0,0,0
49,14361.0,0.188,9,0,1,0
58,31211.0,0.17,7,0,1,0
50,13087.0,0.12,9,1,1,0
46,43391.0,0.431,7,2,0,1
54,24527.0,0.536,1,2,1,1
46,12308.0,0.101,3,3,1,0
34,16265.0,0.301,8,0,1,0
28,13992.0,0.334,9,0,1,0
25,27074.0,0.228,11,0,1,0
40,48220.0,0.14,0,4,1,0
33,25487.0,0.286,2,1,0,1
54,17112.0,0.215,9,2,0,1
37,20324.0,0.346,3,1,1,0
48,32946.0,0.141,10,0,1,0
50,8976.0,0.297,2,0,1,0
57,41668.0,0.207,6,1,0,1
41,37938.0,0.354,1,2,1,1
38,8828.0,0.085,9,0,1,0
36,56185.0,0.199,5,1,1,0
53,13352.0,0.317,10,0,0,0
25,27479.0,0.302,9,0,1,0
52,55826.0,0.246,9,0,1,0
50,13278.0,0.578,9,2,0,1
32,11907.0,0.265,0,0,0,1
26,17236.0,0.377,4,1,1,0
37,17535.0,0.265,3,1,0,1
46,28362.0,0.265,6,0,0,0
33,23261.0,0.488,10,0,0,1
54,23584.0,0.171,3,3,0,1
51,23744.0,0.336,11,1,0,0
51,27653.0,0.112,3,0,1,0
39,19610.0,0.089,11,0,0,0
28,35850.0,0.043,4,0,0,0
45,30282.0,0.248,2,4,0,1
38,18040.0,0.273,8,0,0,0
60,76920.0,0.46,3,1,1,0
67,15850.0,0.62,10,1,0,1
22,44160.0,0.448,8,0,0,1
25,20742.0,0.255,4,0,0,0
43,36505.0,0.284,9,0,0,0
54,39670.0,0.279,9,0,0,0
26,47193.0,0.154,6,1,1,0
42,62870.0,0.136,9,0,0,0
43,19821.0,0.281,5,0,1,0
51,131204.0,0.573,10,0,0,0
59,37544.0,0.293,4,0,0,0
40,20184.0,0.548,7,0,1,0
25,15298.0,0.084,7,1,0,0
27,101444.0,0.404,4,2,0,0
53,71040.0,0.402,9,1,0,0
48,30437.0,0.172,10,2,0,1
66,45351.0,0.405,2,0,1,0
21,60260.0,0.136,5,1,0,0
67,32388.0,0.044,9,0,1,0
63,24821.0,0.211,7,0,0,0
58,30288.0,0.328,1,0,0,0
60,47364.0,0.189,0,0,1,0
28,31209.0,0.402,2,2,0,1
39,16471.0,0.225,2,0,1,0
27,45418.0,0.41,2,2,1,1
47,12784.0,0.218,4,0,0,0
41,21053.0,0.072,1,1,0,0
46,58186.0,0.501,10,1,1,0
59,34895.0,0.171,9,0,1,0
69,34820.0,0.299,11,0,1,0
63,32629.0,0.218,4,3,1,1
23,52367.0,0.33,1,0,0,0
43,30105.0,0.432,9,0,1,0
35,11400.0,0.026,2,0,0,0
51,35012.0,0.069,2,1,1,0
40,6444.0,0.144,9,0,1,0
42,10822.0,0.259,2,0,1,0
59,69357.0,0.082,8,0,1,0
59,52515.0,0.057,8,0,1,0
56,24342.0,0.406,2,0,0,0
34,29693.0,0.349,9,1,0,1
41,32229.0,0.112,3,2,0,0
42,51485.0,0.126,0,1,0,0
21,20774.0,0.243,0,1,1,0
48,19653.0,0.164,6,1,0,0
52,22361.0,0.049,11,0,0,0
21,33083.0,0.471,3,1,1,1
40,35273.0,0.408,8,0,0,0
31,25193.0,0.572,1,0,0,1
26,45452.0,0.349,0,1,1,1
67,18267.0,0.095,11,0,0,0
51,29631.0,0.565,11,1,1,0
67,21627.0,0.169,10,0,0,0
42,18417.0,0.262,3,2,1,1
24,57698.0,0.339,8,0,1,0
36,26169.0,0.463,4,1,0,1
24,18417.0,0.172,7,3,0,1
34,31449.0,0.267,7,0,0,0
52,18459.0,0.147,6,0,1,0
46,41795.0,0.068,10,5,0,1
50,47586.0,0.311,7,0,0,0
33,52066.0,0.25,2,2,1,0
36,17937.0,0.253,0,0,0,0
40,28597.0,0.169,8,0,0,0
30,79143.0,0.187,7,0,1,0
67,27629.0,0.349,0,2,1,1
58,58871.0,0.527,7,0,0,1
44,67298.0,0.472,9,1,1,0
51,15227.0,0.44,7,0,1,0
33,57311.0,0.373,9,0,0,0
55,45349.0,0.227,4,0,0,0
46,48319.0,0.172,0,0,0,0
23,73240.0,0.266,0,1,0,0
65,39061.0,0.247,0,1,0,0
56,32144.0,0.36,9,1,0,0
63,42205.0,0.154,7,1,1,0
68,25892.0,0.399,4,0,0,0
54,39790.0,0.447,5,1,0,0
62,11039.0,0.118,11,0,1,0
65,74752.0,0.123,11,1,0,0
36,23536.0,0.437,3,0,1,0
58,40699.0,0.085,10,0,0,0
41,36214.0,0.533,4,1,1,1
54,32562.0,0.61,3,0,0,1
65,32682.0,0.647,6,4,0,1
41,31904.0,0.259,5,0,1,0
69,13353.0,0.424,0,0,1,0
28,23340.0,0.504,3,1,1,1
64,56813.0,0.409,10,2,0,1
56,18297.0,0.146,4,1,0,0
22,17990.0,0.311,6,2,1,1
52,90936.0,0.383,9,0,1,0
63,57168.0,0.097,3,0,1,0
68,68541.0,0.064,7,0,0,0
26,30638.0,0.123,1,1,1,0
36,35375.0,0.457,7,0,1,0
49,45496.0,0.15,9,2,0,1
63,41074.0,0.246,1,1,1,0
35,29461.0,0.287,5,1,1,0
31,14587.0,0.125,4,0,1,0
60,21166.0,0.13,7,1,0,0
67,14246.0,0.105,0,1,1,0
22,68645.0,0.61,4,0,0,0
69,25022.0,0.165,3,1,1,0
53,27972.0,0.416,1,0,1,0
23,35432.0,0.715,7,0,1,1
43,30892.0,0.092,1,1,0,0
36,40066.0,0.213,7,2,1,0
42,22250.0,0.109,10,0,1,0
69,14047.0,0.274,1,0,0,1
58,74644.0,0.213,6,1,1,0
68,21225.0,0.278,5,0,0,0
61,23933.0,0.2,7,1,0,1
53,20316.0,0.196,1,1,0,0
56,23030.0,0.232,2,0,0,0
27,30746.0,0.093,4,0,1,0
27,44519.0,0.327,4,1,1,0
21,17778.0,0.05,10,1,0,0
56,35206.0,0.145,1,1,0,0
33,21547.0,0.117,11,1,0,0
42,55932.0,0.111,10,2,0,0
67,16208.0,0.434,7,0,0,1
68,31899.0,0.38,4,2,0,1
60,43555.0,0.456,11,1,0,1
22,15170.0,0.533,5,0,0,1
41,32000.0,0.536,4,1,0,0
67,32579.0,0.458,10,0,1,0
58,20154.0,0.403,2,0,0,0
24,27069.0,0.073,6,5,1,1
65,49941.0,0.149,1,2,0,0
33,34194.0,0.503,5,1,1,1
35,24453.0,0.364,6,0,1,0
25,27137.0,0.101,7,1,1,0
63,37826.0,0.095,0,0,1,0
46,57345.0,0.18,10,1,0,0
34,45081.0,0.219,1,1,1,0
29,43615.0,0.23,7,1,0,0
37,66495.0,0.337,11,0,1,0
41,13769.0,0.446,0,2,1,1
23,14539.0,0.199,8,0,0,0
23,9519.0,0.271,6,2,1,1
28,45796.0,0.188,3,0,0,0
54,9440.0,0.302,4,3,0,1
47,29350.0,0.657,7,0,1,1
69,43907.0,0.188,11,0,0,0
22,14808.0,0.077,6,1,1,0
22,21461.0,0.124,5,1,1,0
47,26227.0,0.338,1,1,1,0
25,43267.0,0.109,9,0,0,0
29,13912.0,0.354,10,0,0,0
65,35137.0,0.367,3,0,0,0
57,42506.0,0.329,11,0,1,0
46,32125.0,0.288,8,1,0,0
27,32361.0,0.292,4,1,0,0
51,56065.0,0.091,7,0,0,0
31,33393.0,0.095,10,0,1,0
65,29524.0,0.101,7,0,0,0
34,25220.0,0.089,11,2,0,0
22,41429.0,0.432,2,0,0,0
49,25801.0,0.083,7,0,0,0
36,41459.0,0.681,5,3,1,1
60,31376.0,0.284,10,0,0,1
39,52638.0,0.275,10,0,1,0
57,20036.0,0.498,5,0,1,0
55,30964.0,0.137,3,0,1,0
57,35536.0,0.212,9,1,0,0
51,36697.0,0.288,0,2,1,0
54,52651.0,0.171,6,2,0,0
58,36335.0,0.308,10,0,0,0
47,46961.0,0.385,0,1,1,0
53,79816.0,0.637,3,1,1,0
37,45516.0,0.453,3,1,1,0
60,17521.0,0.122,8,2,1,0
29,14558.0,0.31,5,0,0,0
22,41711.0,0.17,5,0,1,0
63,24662.0,0.378,2,0,0,0
61,34478.0,0.035,4,0,1,0
41,27310.0,0.487,9,1,1,1
48,57408.0,0.158,11,0,1,0
52,54377.0,0.336,11,1,0,0
26,16924.0,0.204,6,1,0,0
24,34163.0,0.243,2,1,0,0
47,25615.0,0.458,11,0,0,0
38,15446.0,0.549,3,0,1,0
41,41205.0,0.349,3,0,0,0
25,27712.0,0.224,5,1,0,0
30,37183.0,0.373,9,1,0,1
38,103038.0,0.078,9,0,1,0
65,57940.0,0.183,2,1,1,0
56,51779.0,0.193,3,1,0,0
69,24271.0,0.26,6,0,1,0
37,16464.0,0.172,6,0,1,0
47,55646.0,0.263,7,0,0,0
54,25573.0,0.496,1,2,1,1
46,30441.0,0.324,0,0,1,0
27,24652.0,0.415,1,2,1,1
53,31293.0,0.152,3,0,1,0
39,99380.0,0.313,3,2,1,0
51,25415.0,0.114,4,0,0,0
41,25834.0,0.089,1,0,0,0
54,32928.0,0.403,9,0,0,0
45,34310.0,0.189,8,1,1,0
26,16301.0,0.082,9,0,0,0
32,12220.0,0.134,11,0,0,0
45,22192.0,0.255,8,0,0,0
55,26688.0,0.032,4,0,1,0
31,20002.0,0.118,1,0,0,0
64,17948.0,0.566,10,1,0,1
34,18489.0,0.248,10,0,1,0
60,24266.0,0.187,7,0,1,0
67,27813.0,0.247,3,0,1,0
22,13045.0,0.643,1,1,0,1
69,22397.0,0.358,2,1,0,0
44,35185.0,0.207,7,1,0,0
40,27660.0,0.183,1,3,1,1
37,14901.0,0.243,10,1,1,0
69,24594.0,0.136,2,0,1,0
49,29102.0,0.587,2,1,0,1
39,43145.0,0.184,10,0,1,0
25,13021.0,0.513,5,1,1,0
46,41326.0,0.253,5,3,1,1
56,23284.0,0.498,3,1,0,0
63,32467.0,0.234,9,0,1,0
41,41248.0,0.216,7,3,1,1
39,18969.0,0.512,9,0,0,0
67,19580.0,0.215,3,1,1,0
30,27673.0,0.139,9,2,0,1
21,42072.0,0.423,5,1,0,1
41,22302.0,0.398,2,0,0,1
41,14439.0,0.326,5,1,1,0
21,20657.0,0.131,10,1,0,0
44,35402.0,0.379,8,0,1,0
42,52130.0,0.454,0,0,1,0
61,22669.0,0.202,11,0,0,0
22,24817.0,0.253,4,0,1,0
58,26670.0,0.146,11,3,0,1
22,27257.0,0.239,4,0,1,0
29,18166.0,0.334,4,1,1,1
65,23369.0,0.772,7,1,0,1
36,32413.0,0.355,5,1,1,1
52,30641.0,0.142,1,0,1,0
57,29424.0,0.395,0,1,1,1
41,17623.0,0.174,3,0,0,0
41,22124.0,0.113,4,1,1,0
41,20389.0,0.078,5,0,1,0
33,49104.0,0.41,4,0,1,0
45,60007.0,0.138,1,1,1,0
66,34496.0,0.445,8,0,1,0
32,64362.0,0.671,8,0,1,0
62,25145.0,0.461,9,0,1,0
42,25206.0,0.568,3,0,0,0
38,15268.0,0.112,10,2,0,1
60,32658.0,0.608,3,1,0,1
47,23230.0,0.397,9,0,1,0
51,30509.0,0.076,2,3,0,0
66,37134.0,0.534,1,0,0,1
69,25846.0,0.165,7,0,1,0
31,16687.0,0.196,5,0,1,0
51,28528.0,0.255,9,1,1,0
65,28144.0,0.26,7,1,0,1
25,29593.0,0.137,6,0,1,0
64,40813.0,0.244,2,1,1,0
34,26254.0,0.361,11,1,1,0
56,25583.0,0.08,8,0,0,0
31,69065.0,0.318,7,1,0,0
54,49806.0,0.172,9,0,1,0
53,27966.0,0.198,11,1,0,0
54,18416.0,0.494,9,1,1,1
25,23480.0,0.372,2,0,0,1
47,35403.0,0.327,3,0,0,0
35,44536.0,0.176,7,1,0,0
49,96741.0,0.197,2,0,1,0
67,26015.0,0.307,0,1,1,0
30,31723.0,0.395,1,1,0,0
49,24680.0,0.271,1,0,1,0
48,30666.0,0.467,0,1,1,0
28,24396.0,0.162,1,0,1,0
53,17382.0,0.247,0,1,1,0
52,48984.0,0.305,11,1,1,0
44,31486.0,0.181,0,0,1,0
59,55860.0,0.192,9,0,1,0
54,23065.0,0.408,11,1,0,0
32,33728.0,0.299,1,1,0,0
43,41023.0,0.396,8,1,1,0
30,11714.0,0.392,6,2,1,1
60,15445.0,0.195,8,0,1,0
51,43041.0,0.538,4,0,0,0
56,31219.0,0.253,10,1,1,0
46,11991.0,0.184,1,1,0,0
25,20646.0,0.105,1,1,0,0
27,17699.0,0.498,5,0,1,0
58,23455.0,0.1,11,1,1,0
50,63937.0,0.445,0,0,0,0
34,22453.0,0.601,10,0,1,1
50,81234.0,0.134,2,1,1,0
24,26361.0,0.049,2,1,0,0
39,20785.0,0.401,2,0,0,0
26,64816.0,0.064,1,1,1,0
44,47766.0,0.222,11,3,0,1
36,59164.0,0.608,8,1,0,1
62,78286.0,0.478,3,0,1,0
46,50719.0,0.534,6,0,1,0
69,54909.0,0.311,9,0,0,0
37,12848.0,0.042,2,1,1,0
63,20006.0,0.487,6,0,0,1
30,37441.0,0.506,8,1,0,1
54,33327.0,0.213,7,2,0,0
58,43045.0,0.397,1,1,1,0
66,23850.0,0.105,10,1,1,0
39,52325.0,0.023,11,1,1,0
58,81988.0,0.285,6,1,1,0
63,40425.0,0.122,2,2,0,0
41,45833.0,0.501,4,1,1,0
32,38978.0,0.191,2,0,0,0
48,48049.0,0.401,1,0,0,0
54,33788.0,0.248,7,0,1,0
27,23705.0,0.484,3,0,0,1
38,33542.0,0.422,7,1,0,0
49,32114.0,0.395,5,0,0,0
62,14308.0,0.148,7,2,1,0
36,34183.0,0.803,10,2,1,1
52,30857.0,0.423,7,0,0,0
57,33753.0,0.113,6,0,0,0
54,23222.0,0.097,5,1,1,0
29,38650.0,0.382,11,2,1,1
25,41462.0,0.571,6,0,1,0
28,21463.0,0.488,8,0,1,1
57,35710.0,0.404,10,0,0,1
46,44759.0,0.023,6,1,1,0
38,43937.0,0.118,3,0,0,0
22,19279.0,0.439,2,0,1,0
57,18309.0,0.119,4,1,1,0
42,30706.0,0.263,10,1,0,0
62,18048.0,0.479,5,2,1,1
45,104101.0,0.275,7,1,1,0
26,20218.0,0.068,1,1,1,0
60,20328.0,0.268,7,1,1,0
21,41388.0,0.561,4,0,1,1
40,23795.0,0.41,3,0,0,0
58,9400.0,0.312,7,0,1,0
43,27811.0,0.187,4,0,1,0
68,18313.0,0.602,7,2,1,0
49,22976.0,0.414,9,1,1,0
65,13371.0,0.205,11,0,1,0
62,18952.0,0.555,3,0,0,1
42,27253.0,0.239,4,0,1,0
63,28379.0,0.269,6,0,1,0
61,16966.0,0.387,6,0,1,0
34,20597.0,0.38,10,3,0,1
22,19225.0,0.146,8,1,0,1
58,31327.0,0.334,1,1,1,0
23,27110.0,0.453,9,1,1,1
66,15723.0,0.355,7,0,0,0
49,39967.0,0.231,11,1,0,0
52,20591.0,0.442,1,0,0,0
46,35185.0,0.467,2,1,0,1
68,18453.0,0.202,7,1,1,0
61,33564.0,0.108,0,0,0,0
53,27296.0,0.311,5,1,1,0
32,29734.0,0.224,11,1,1,0
49,37081.0,0.411,8,1,0,0
43,35898.0,0.299,4,0,1,0
56,31358.0,0.192,6,0,0,0
69,31320.0,0.185,1,3,0,1
31,15427.0,0.533,8,2,0,1
35,27907.0,0.224,8,0,0,0
69,9798.0,0.226,6,1,0,1
40,9556.0,0.567,9,1,1,1
64,24760.0,0.143,0,0,1,0
50,25871.0,0.216,4,0,0,0
32,60393.0,0.6,0,3,0,1
69,40118.0,0.165,9,0,1,0
60,49938.0,0.393,3,0,0,0
29,24820.0,0.189,3,1,0,0
50,36002.0,0.475,0,1,0,1
54,51422.0,0.089,3,0,0,0
49,37615.0,0.199,6,2,0,0
41,34550.0,0.337,9,0,0,0
37,30568.0,0.198,5,3,1,1
40,18467.0,0.548,8,2,1,1
58,18725.0,0.415,4,1,1,0
33,14368.0,0.368,7,0,0,0
63,35660.0,0.067,3,1,1,0
43,25526.0,0.19,2,2,1,0
29,20928.0,0.135,8,0,1,0
49,34828.0,0.139,4,0,1,0
30,22031.0,0.107,1,0,1,0
40,49011.0,0.221,8,1,1,0
27,75124.0,0.459,6,1,1,0
45,36621.0,0.345,8,1,0,1
25,20857.0,0.133,10,1,1,0
52,14019.0,0.544,8,1,1,1
63,79258.0,0.119,8,1,1,0
62,36685.0,0.41,7,0,1,0
28,16437.0,0.302,7,1,1,1
48,49927.0,0.353,1,0,0,0
42,12899.0,0.141,10,0,1,0
39,23640.0,0.6,3,1,1,1
44,26137.0,0.335,10,0,0,0
68,24608.0,0.254,0,1,0,0
35,16745.0,0.069,5,0,1,0
29,96076.0,0.481,10,1,0,1
59,24164.0,0.138,1,1,1,0
23,35564.0,0.235,8,2,1,0
43,29944.0,0.257,7,0,0,0
65,13342.0,0.364,4,2,0,1
45,22439.0,0.285,4,0,1,0
34,32656.0,0.346,1,0,1,0
35,46689.0,0.252,9,0,1,0
28,24829.0,0.347,11,0,0,0
60,35326.0,0.116,1,0,0,0
39,24920.0,0.378,0,1,1,1
37,39439.0,0.182,6,1,1,1
37,8657.0,0.122,6,1,0,0
56,39701.0,0.264,10,0,0,0
38,21672.0,0.103,10,0,1,0
56,22134.0,0.42,3,0,1,0
62,7208.0,0.063,4,0,0,0
63,17419.0,0.277,10,1,1,0
35,40002.0,0.322,2,1,1,0
56,92862.0,0.335,8,2,0,0
27,20834.0,0.174,2,0,0,0
34,21285.0,0.518,10,3,0,1
31,37689.0,0.29,0,0,1,0
50,34076.0,0.465,2,0,0,0
67,22083.0,0.613,5,0,1,0
55,27199.0,0.284,10,2,0,1
42,24451.0,0.208,7,0,1,0
32,40221.0,0.277,4,0,1,0
38,43879.0,0.423,3,0,0,0
67,70907.0,0.142,11,0,1,0
59,46698.0,0.331,5,0,0,0
37,41254.0,0.326,6,1,1,0
66,32028.0,0.08,6,1,1,0
39,47204.0,0.324,2,0,1,0
46,18176.0,0.241,7,0,1,0
41,86586.0,0.203,11,0,0,0
60,34114.0,0.204,5,3,0,1
68,59860.0,0.421,8,1,1,0
33,19981.0,0.541,9,0,0,1
45,49548.0,0.474,0,0,1,0
38,36235.0,0.352,3,1,1,0
27,27071.0,0.429,11,0,0,0
49,21300.0,0.177,10,0,1,0
63,19172.0,0.52,7,0,0,1
32,72671.0,0.148,7,0,0,0
21,54522.0,0.069,6,2,1,0
34,31469.0,0.11,1,2,0,0
40,32754.0,0.573,4,1,1,0
30,20705.0,0.283,5,1,0,1
61,11919.0,0.085,0,1,0,0
33,12189.0,0.07,3,1,1,0
45,21962.0,0.129,5,0,0,0
62,27524.0,0.287,4,1,0,0
60,16586.0,0.215,2,0,0,0
59,44215.0,0.541,1,1,0,1
69,38439.0,0.304,1,0,1,0
26,32209.0,0.333,3,1,1,0
53,12373.0,0.321,2,0,0,0
38,26706.0,0.156,1,0,0,0
44,29283.0,0.52,8,2,0,1
56,15851.0,0.577,6,0,1,0
26,9997.0,0.477,0,2,0,1
63,77274.0,0.045,8,2,0,0
32,40512.0,0.508,6,1,1,1
48,24533.0,0.12,2,1,0,0
47,65959.0,0.106,6,0,1,0
56,51749.0,0.058,11,0,1,0
60,37171.0,0.134,11,1,1,0
32,33270.0,0.403,3,1,0,1
38,43861.0,0.288,4,0,1,0
59,61701.0,0.065,10,0,0,0
61,30779.0,0.192,5,1,0,0
61,26491.0,0.446,3,1,1,0
56,39753.0,0.147,7,0,1,0
40,7276.0,0.206,0,1,1,0
59,31058.0,0.126,8,1,0,0
32,24254.0,0.589,0,0,1,0
57,29466.0,0.136,11,2,1,0
22,27109.0,0.197,0,1,0,0
55,35180.0,0.583,9,1,1,1
51,31318.0,0.258,11,0,1,0
46,30744.0,0.349,11,0,1,0
51,27819.0,0.115,6,1,1,0
50,37305.0,0.263,1,0,0,0
21,23063.0,0.153,9,1,0,0
54,48575.0,0.355,2,0,0,0
46,12816.0,0.357,6,1,0,0
22,32910.0,0.413,2,1,1,0
66,37263.0,0.109,0,0,0,0
23,15746.0,0.313,11,0,1,0
22,23975.0,0.047,7,3,0,1
29,57625.0,0.361,9,0,0,0
27,27833.0,0.248,9,0,1,0
33,19124.0,0.072,8,0,1,0
23,6697.0,0.239,5,0,1,0
50,35244.0,0.329,8,0,1,0
42,31285.0,0.654,8,3,0,1
55,40333.0,0.217,0,0,1,0
39,82832.0,0.809,2,3,0,1
57,29672.0,0.108,11,0,0,0
63,31786.0,0.02,11,0,1,0
38,21095.0,0.356,1,2,0,1
24,28829.0,0.539,11,0,1,1
57,29304.0,0.163,5,2,0,1
30,43369.0,0.04,11,0,0,0
26,39219.0,0.467,9,0,0,0
66,20292.0,0.117,4,1,1,0
67,23441.0,0.16,11,0,1,0
21,59237.0,0.321,10,1,0,0
68,18400.0,0.642,6,0,1,1
33,43201.0,0.256,7,0,1,0
61,66972.0,0.305,0,2,1,0
40,41224.0,0.239,3,0,1,0
65,33744.0,0.336,9,0,1,0
21,58826.0,0.121,3,1,0,0
52,35482.0,0.048,6,1,1,0
35,29598.0,0.445,1,0,1,1
69,26862.0,0.477,9,1,0,1
50,52790.0,0.266,11,4,1,1
59,42091.0,0.125,10,0,1,0
51,64360.0,0.159,2,1,1,0
22,25136.0,0.366,1,1,0,1
50,25426.0,0.246,11,0,0,0
40,23909.0,0.21,9,1,1,0
52,34199.0,0.193,4,1,0,0
29,21030.0,0.178,4,0,0,0
51,47233.0,0.286,3,0,0,0
61,35219.0,0.113,6,0,0,0
22,18199.0,0.098,10,1,0,0
41,6752.0,0.224,3,0,0,0
53,11930.0,0.205,8,0,1,0
29,61020.0,0.2,0,1,1,0
49,28827.0,0.57,0,0,1,0
26,31995.0,0.126,8,1,0,0
31,24030.0,0.129,6,1,0,1
26,36187.0,0.024,11,0,1,0
41,11371.0,0.081,4,1,0,0
53,10926.0,0.508,3,0,0,1
32,13107.0,0.239,2,1,1,1
64,30710.0,0.15,2,1,1,0
63,42228.0,0.108,6,1,0,0
55,37650.0,0.22,7,2,1,0
34,27875.0,0.314,11,0,1,0
62,15647.0,0.115,6,0,0,0
28,44208.0,0.067,8,0,1,0
29,25781.0,0.188,2,0,0,0
60,29384.0,0.227,9,0,1,0
56,28603.0,0.337,10,0,1,0
58,23479.0,0.302,6,0,1,0
40,20665.0,0.433,0,1,1,1
62,22081.0,0.045,1,0,1,0
35,15553.0,0.416,4,1,1,1
54,33596.0,0.452,0,0,0,0
40,27203.0,0.139,3,1,0,0
41,49349.0,0.445,0,1,0,1
44,11992.0,0.192,8,1,0,1
44,53313.0,0.194,10,0,1,0
52,28622.0,0.309,7,0,1,0
48,27350.0,0.14,9,3,1,1
63,19830.0,0.284,4,0,0,0
50,19716.0,0.182,5,2,0,0
69,14055.0,0.543,1,0,1,0
67,46497.0,0.289,2,0,1,0
66,26656.0,0.444,5,2,0,1
34,42469.0,0.355,10,2,1,1
62,44873.0,0.255,3,1,0,0
58,23110.0,0.111,6,0,0,0
54,26340.0,0.033,2,2,0,1
21,24968.0,0.072,6,1,1,0
51,49586.0,0.598,4,1,0,1
30,31692.0,0.304,11,0,1,0
31,32289.0,0.148,8,0,0,0
67,42561.0,0.152,4,0,0,0
47,28582.0,0.093,6,0,0,0
33,82495.0,0.337,0,1,1,0
48,18668.0,0.339,0,0,0,1
46,55591.0,0.114,11,0,1,0
34,59942.0,0.107,9,2,0,0
65,16781.0,0.441,8,0,0,0
61,45729.0,0.279,10,1,1,0
53,34189.0,0.143,1,1,1,0
62,45927.0,0.123,11,0,1,0
44,16297.0,0.276,5,2,0,1
63,33573.0,0.089,5,0,1,0
55,18211.0,0.115,2,0,1,0
52,25187.0,0.09,1,1,0,0
68,60470.0,0.309,7,0,0,0
22,27793.0,0.093,10,0,0,0
67,9643.0,0.136,10,0,0,0
41,14773.0,0.331,9,0,0,0
29,16814.0,0.053,8,0,1,0
24,49408.0,0.364,3,0,0,0
27,20975.0,0.366,4,0,1,0
33,13649.0,0.32,9,1,0,1
35,51965.0,0.1,0,1,1,0
55,33700.0,0.105,1,0,1,0
28,35283.0,0.224,5,1,1,0
28,19941.0,0.062,2,1,0,0
58,60705.0,0.349,7,0,0,0
32,27962.0,0.508,5,2,0,1
61,11082.0,0.132,7,1,1,0
46,16832.0,0.368,1,1,0,1
27,19511.0,0.086,11,0,0,0
36,27432.0,0.496,3,0,0,0
24,43577.0,0.147,5,1,0,0
47,20671.0,0.137,11,0,0,0
36,22017.0,0.374,9,0,1,0
35,89513.0,0.116,9,0,1,0
54,30987.0,0.453,7,0,1,0
36,22825.0,0.403,0,0,0,1
58,30227.0,0.083,8,1,0,0
31,15898.0,0.023,7,2,0,1
43,38852.0,0.43,5,1,1,0
34,48249.0,0.574,11,0,0,1
52,22221.0,0.368,11,0,1,0
63,49055.0,0.28,8,0,1,0
65,25710.0,0.392,1,2,1,1
62,34341.0,0.554,0,1,0,1
64,20521.0,0.164,5,2,0,0
50,19922.0,0.24,7,0,0,0
26,14050.0,0.061,6,1,1,0
52,33184.0,0.422,0,0,1,0
55,25795.0,0.309,10,1,0,1
49,26193.0,0.498,10,0,1,0
59,16908.0,0.567,8,2,1,1
42,16581.0,0.121,10,2,0,0
65,21674.0,0.196,4,0,1,0
67,37600.0,0.435,6,0,0,1
41,34563.0,0.509,3,1,1,1
56,21137.0,0.544,8,1,1,0
28,34436.0,0.293,6,2,1,1
48,71599.0,0.169,6,0,1,0
44,31348.0,0.059,11,0,0,0
54,81708.0,0.254,3,2,1,0
39,36929.0,0.139,7,0,0,0
26,57850.0,0.237,4,0,1,0
40,22825.0,0.488,2,0,1,0
63,53469.0,0.458,8,0,1,0
60,16443.0,0.25,9,0,0,0
63,33575.0,0.313,0,2,0,0
52,25147.0,0.511,2,1,0,1
44,10956.0,0.342,6,0,1,0
54,15025.0,0.338,2,0,1,0
59,52348.0,0.181,1,0,0,0
52,37980.0,0.159,5,0,1,0
25,56794.0,0.642,10,0,1,0
27,32771.0,0.682,7,1,0,1
42,6961.0,0.274,6,1,0,1
23,33671.0,0.184,10,0,0,0
38,22347.0,0.273,11,1,0,0
40,23091.0,0.335,1,1,0,1
56,23720.0,0.219,4,0,1,0
62,20245.0,0.202,3,0,1,0
45,18376.0,0.388,1,0,1,1
52,55243.0,0.606,1,0,0,0
56,37112.0,0.369,1,0,1,0
59,21408.0,0.272,2,1,0,0
42,24031.0,0.139,2,0,0,0
51,48291.0,0.524,11,1,0,0
28,35898.0,0.275,3,1,0,0
59,32708.0,0.308,7,2,1,1
53,16067.0,0.361,10,0,1,0
69,23869.0,0.157,1,1,0,0
65,16810.0,0.275,10,0,0,0
55,11371.0,0.309,10,0,0,0
22,46356.0,0.332,2,2,1,1
63,25154.0,0.219,0,0,0,0
49,24114.0,0.479,1,3,1,1
68,18331.0,0.222,0,1,1,0
35,43254.0,0.369,9,0,0,0
57,84342.0,0.146,10,0,1,0
27,39682.0,0.115,9,1,1,0
60,47141.0,0.215,7,1,1,0
42,15889.0,0.321,6,0,0,0
24,32338.0,0.247,8,1,1,0
46,33033.0,0.38,0,0,1,0
22,62382.0,0.194,5,1,0,0
44,29751.0,0.42,2,1,1,1
66,18471.0,0.34,0,0,0,0
36,28642.0,0.295,2,3,1,1
32,23823.0,0.52,2,1,0,1
50,61000.0,0.075,2,2,0,0
35,41276.0,0.241,9,0,0,0
29,35104.0,0.287,8,0,1,0
27,32375.0,0.362,0,0,1,0
31,45126.0,0.245,8,1,0,0
52,23150.0,0.465,4,1,1,0
34,18692.0,0.163,6,0,1,0
22,11547.0,0.481,8,5,0,1
66,53531.0,0.023,3,0,1,0
60,38082.0,0.266,0,0,1,0
31,40758.0,0.225,9,2,0,1
35,30189.0,0.4,3,2,1,1
26,67848.0,0.303,1,1,0,0
57,18087.0,0.359,7,0,1,0
51,53927.0,0.449,9,0,0,0
65,19369.0,0.125,10,1,0,0
22,23550.0,0.274,7,1,1,1
54,16063.0,0.339,4,0,0,0
28,30870.0,0.089,10,0,0,0
41,25516.0,0.028,8,2,0,0
60,36588.0,0.397,4,0,0,1
51,21995.0,0.303,6,1,1,0
69,14687.0,0.261,6,1,1,0
62,39126.0,0.1,8,1,0,0
42,56067.0,0.511,6,0,0,0
55,42551.0,0.566,5,0,1,0
67,28652.0,0.616,6,1,0,1
33,36025.0,0.279,6,2,1,0
68,12585.0,0.189,10,0,1,0
21,24888.0,0.07,8,0,1,0
45,52548.0,0.145,3,0,0,0
64,37010.0,0.102,2,1,0,0
48,19183.0,0.192,7,1,0,0
51,45108.0,0.239,11,0,1,0
46,27511.0,0.193,1,0,0,0
24,42357.0,0.489,0,0,0,1
31,14537.0,0.327,0,0,0,0
47,22584.0,0.077,5,2,1,0
40,34575.0,0.257,10,1,1,0
49,34192.0,0.197,1,2,0,0
56,38759.0,0.392,11,0,0,0
35,29231.0,0.74,7,0,1,1
30,26616.0,0.37,1,0,0,0
64,37202.0,0.331,1,1,0,1
50,45274.0,0.323,6,1,1,0
32,13786.0,0.095,8,0,0,0
48,25032.0,0.181,3,1,1,0
28,26552.0,0.367,0,1,1,0
56,31811.0,0.161,11,0,0,0
36,48745.0,0.161,1,3,1,0
69,15142.0,0.782,11,0,1,0
37,38364.0,0.541,1,0,1,1
62,12385.0,0.067,2,1,1,0
64,20179.0,0.085,7,2,1,0
28,22659.0,0.326,0,3,1,1
53,25691.0,0.457,4,1,0,1
37,21664.0,0.012,6,0,1,0
26,22753.0,0.422,0,0,1,0
46,24802.0,0.459,5,1,1,0
40,25694.0,0.386,5,0,1,1
40,11723.0,0.47,7,0,1,0
26,14622.0,0.387,6,1,1,1
38,23648.0,0.273,6,1,0,0
55,38263.0,0.179,6,1,1,0
